driver_name,total_races,total_points,wins,podiums,top10_finishes,avg_finish,avg_position_gain,win_rate,podium_rate,points_rank,finish_position_std,consistency_score
Adolf Brudes,1,0.0,0,0,0,16.0,3.0,0.0,0.0,145.0,,
Adolfo Cruz,1,0.0,0,0,0,16.0,-3.0,0.0,0.0,145.0,,
Adrian Sutil,128,124.0,0,0,30,14.52,0.27,0.0,0.0,71.0,4.75,0.211
Adrián Campos,21,0.0,0,0,1,20.86,1.29,0.0,0.0,145.0,5.25,0.19
Aguri Suzuki,88,8.0,0,1,17,20.66,0.72,0.0,1.14,133.0,9.81,0.102
Al Herman,5,0.0,0,0,1,20.2,5.0,0.0,0.0,145.0,10.33,0.097
Al Keller,5,0.0,0,0,0,19.4,2.0,0.0,0.0,145.0,7.37,0.136
Al Pease,2,0.0,0,0,0,14.5,1.5,0.0,0.0,145.0,0.71,1.408
Alain Prost,202,798.5,51,106,139,7.5,-3.26,25.25,52.48,17.0,7.83,0.128
Alain de Changy,1,0.0,0,0,0,19.0,,0.0,0.0,145.0,,
Alan Brown,9,2.0,0,0,3,14.78,1.78,0.0,0.0,141.0,8.21,0.122
Alan Jones,117,206.0,12,24,54,11.4,0.09,10.26,20.51,52.0,7.45,0.134
Alan Rees,2,0.0,0,0,2,8.0,9.5,0.0,0.0,145.0,1.41,0.709
Alan Rollinson,1,0.0,0,0,0,22.0,,0.0,0.0,145.0,,
Alan Stacey,7,0.0,0,0,3,13.14,0.57,0.0,0.0,145.0,4.88,0.205
Albert Scherrer,1,0.0,0,0,1,9.0,9.0,0.0,0.0,145.0,,
Alberto Ascari,36,140.0,13,17,22,8.44,-3.86,36.11,47.22,65.0,8.66,0.115
Alberto Colombo,3,0.0,0,0,0,29.33,,0.0,0.0,145.0,2.31,0.433
Alberto Crespo,1,0.0,0,0,0,26.0,,0.0,0.0,145.0,,
Alberto Rodriguez Larreta,1,0.0,0,0,1,9.0,6.0,0.0,0.0,145.0,,
Alberto Uria,2,0.0,0,0,1,10.0,7.0,0.0,0.0,145.0,5.66,0.177
Aldo Gordini,1,0.0,0,0,0,15.0,2.0,0.0,0.0,145.0,,
Alessandro Nannini,77,65.0,1,9,24,14.81,-2.29,1.3,11.69,92.0,7.68,0.13
Alessandro Pesenti-Rossi,4,0.0,0,0,0,17.5,9.0,0.0,0.0,145.0,6.95,0.144
Alessandro Zanardi,44,1.0,0,0,11,16.16,0.79,0.0,0.0,143.0,6.63,0.151
Alessandro de Tomaso,2,0.0,0,0,1,10.0,3.0,0.0,0.0,145.0,1.41,0.709
Alex Blignaut,1,0.0,0,0,0,31.0,,0.0,0.0,145.0,,
Alex Caffi,75,6.0,0,0,18,18.63,3.96,0.0,0.0,136.0,8.6,0.116
Alex Ribeiro,20,0.0,0,0,2,19.7,8.8,0.0,0.0,145.0,7.73,0.129
Alex Soler-Roig,9,0.0,0,0,0,21.22,0.0,0.0,0.0,145.0,3.31,0.302
Alex Yoong,16,0.0,0,0,2,15.88,5.8,0.0,0.0,145.0,4.08,0.245
Alexander Albon,105,238.0,0,2,39,11.91,-0.19,0.0,1.9,48.0,4.6,0.217
Alexander Rossi,5,0.0,0,0,0,15.4,2.4,0.0,0.0,145.0,2.61,0.383
Alexander Wurz,69,45.0,0,3,35,11.42,0.74,0.0,4.35,101.0,5.53,0.181
Alfonso Thiele,2,0.0,0,0,0,24.0,-3.0,0.0,0.0,145.0,16.97,0.059
Alfonso de Portago,6,4.0,0,1,4,10.67,-1.0,0.0,16.67,138.0,7.31,0.137
Alfredo Pián,1,0.0,0,0,0,21.0,-3.0,0.0,0.0,145.0,,
Allan McNish,17,0.0,0,0,4,15.53,0.41,0.0,0.0,145.0,5.16,0.194
Allen Berg,9,0.0,0,0,0,18.89,7.11,0.0,0.0,145.0,5.42,0.185
Andrea Chiesa,10,0.0,0,0,0,26.2,2.0,0.0,0.0,145.0,4.34,0.23
Andrea Montermini,28,0.0,0,0,3,19.25,2.85,0.0,0.0,145.0,4.68,0.214
Andrea de Adamich,36,6.0,0,0,6,16.33,1.77,0.0,0.0,136.0,6.25,0.16
Andrea de Cesaris,214,59.0,0,5,53,15.98,-1.25,0.0,2.34,95.0,6.68,0.15
André Guelfi,1,0.0,0,0,0,15.0,10.0,0.0,0.0,145.0,,
André Lotterer,1,0.0,0,0,0,22.0,-1.0,0.0,0.0,145.0,,
André Milhoux,1,0.0,0,0,1,8.0,13.0,0.0,0.0,145.0,,
André Pilette,15,2.0,0,0,5,15.8,5.22,0.0,0.0,141.0,8.84,0.113
André Simon,12,0.0,0,0,4,13.33,0.36,0.0,0.0,145.0,5.33,0.188
André Testut,2,0.0,0,0,0,23.5,,0.0,0.0,145.0,0.71,1.408
Andy Linden,11,5.0,0,0,3,18.82,-6.27,0.0,0.0,137.0,10.93,0.091
Andy Sutcliffe,1,0.0,0,0,0,32.0,,0.0,0.0,145.0,,
Anthony Davidson,24,0.0,0,0,0,16.17,1.0,0.0,0.0,145.0,3.0,0.333
Anthony Foyt,3,0.0,0,0,1,17.0,-2.0,0.0,0.0,145.0,7.55,0.132
Antonio Creus,1,0.0,0,0,0,21.0,1.0,0.0,0.0,145.0,,
Antonio Giovinazzi,62,21.0,0,0,9,13.85,0.74,0.0,0.0,114.0,2.97,0.337
Antônio Pizzonia,20,8.0,0,0,8,12.9,0.05,0.0,0.0,133.0,4.38,0.228
Archie Scott Brown,1,0.0,0,0,0,24.0,-14.0,0.0,0.0,145.0,,
Art Bisch,1,0.0,0,0,0,33.0,-5.0,0.0,0.0,145.0,,
Art Cross,4,8.0,0,1,2,8.75,12.0,0.0,25.0,133.0,6.65,0.15
Arthur Legat,2,0.0,0,0,0,16.5,3.5,0.0,0.0,145.0,4.95,0.202
Arthur Owen,1,0.0,0,0,0,16.0,-5.0,0.0,0.0,145.0,,
Arturo Merzario,84,11.0,0,0,10,20.1,0.07,0.0,0.0,127.0,6.76,0.148
Ayrton Senna,162,614.0,41,80,107,8.26,-4.99,25.31,49.38,20.0,8.28,0.121
Azdrubal Fontes,1,0.0,0,0,0,22.0,,0.0,0.0,145.0,,
Basil van Rooyen,2,0.0,0,0,0,17.0,-2.5,0.0,0.0,145.0,1.41,0.709
Bayliss Levrett,1,0.0,0,0,0,27.0,-10.0,0.0,0.0,145.0,,
Ben Pon,1,0.0,0,0,0,20.0,-10.0,0.0,0.0,145.0,,
Beppe Gabbiani,17,0.0,0,0,0,25.59,4.67,0.0,0.0,145.0,4.29,0.233
Bernard Collomb,6,0.0,0,0,1,18.83,3.25,0.0,0.0,145.0,5.23,0.191
Bernard de Dryver,1,0.0,0,0,0,30.0,,0.0,0.0,145.0,,
Bernd Schneider,32,0.0,0,0,0,28.5,3.11,0.0,0.0,145.0,7.81,0.128
Bernie Ecclestone,1,0.0,0,0,0,28.0,,0.0,0.0,145.0,,
Bertil Roos,1,0.0,0,0,0,25.0,-2.0,0.0,0.0,145.0,,
Bertrand Gachot,84,5.0,0,0,8,22.79,2.45,0.0,0.0,137.0,8.46,0.118
Bill Aston,3,0.0,0,0,0,28.33,-1.0,0.0,0.0,145.0,5.51,0.181
Bill Brack,3,0.0,0,0,1,16.0,4.33,0.0,0.0,145.0,7.21,0.139
Bill Cantrell,1,0.0,0,0,0,27.0,-10.0,0.0,0.0,145.0,,
Bill Cheesbourg,3,0.0,0,0,1,19.0,9.67,0.0,0.0,145.0,8.19,0.122
Bill Holland,2,6.0,0,1,1,8.5,10.5,0.0,50.0,136.0,9.19,0.109
Bill Homeier,3,1.0,0,0,1,17.0,1.67,0.0,0.0,143.0,14.42,0.069
Bill Mackey,1,0.0,0,0,0,19.0,14.0,0.0,0.0,145.0,,
Bill Moss,1,0.0,0,0,0,26.0,,0.0,0.0,145.0,,
Bill Schindler,3,0.0,0,0,0,17.67,0.0,0.0,0.0,145.0,7.23,0.138
Bill Vukovich,5,19.0,2,2,2,14.6,-4.0,40.0,40.0,117.0,13.15,0.076
Bill Whitehouse,1,0.0,0,0,0,17.0,2.0,0.0,0.0,145.0,,
Billy Garrett,2,0.0,0,0,0,18.5,3.5,0.0,0.0,145.0,3.54,0.282
Bob Anderson,26,8.0,0,1,11,11.04,2.8,0.0,3.85,133.0,4.28,0.234
Bob Bondurant,9,3.0,0,0,4,11.89,3.22,0.0,0.0,140.0,4.88,0.205
Bob Christie,5,0.0,0,0,1,15.0,7.6,0.0,0.0,145.0,5.79,0.173
Bob Drake,1,0.0,0,0,0,13.0,9.0,0.0,0.0,145.0,,
Bob Evans,12,0.0,0,0,2,18.25,5.1,0.0,0.0,145.0,5.74,0.174
Bob Gerard,7,0.0,0,0,4,8.71,6.86,0.0,0.0,145.0,2.56,0.391
Bob Said,1,0.0,0,0,0,18.0,-5.0,0.0,0.0,145.0,,
Bob Scott,5,0.0,0,0,0,23.0,-1.2,0.0,0.0,145.0,7.91,0.126
Bob Sweikert,5,8.0,1,1,2,13.4,5.4,20.0,20.0,133.0,10.14,0.099
Bob Veith,5,0.0,0,0,3,12.4,2.6,0.0,0.0,145.0,7.83,0.128
Bobby Ball,2,2.0,0,0,1,18.5,4.5,0.0,0.0,141.0,19.09,0.052
Bobby Grim,2,0.0,0,0,0,21.0,-8.0,0.0,0.0,145.0,7.07,0.141
Bobby Rahal,2,0.0,0,0,0,15.0,5.0,0.0,0.0,145.0,4.24,0.236
Bobby Unser,1,0.0,0,0,0,17.0,2.0,0.0,0.0,145.0,,
Boy Lunger,7,0.0,0,0,0,22.43,7.0,0.0,0.0,145.0,6.75,0.148
Brausch Niemann,2,0.0,0,0,0,19.0,1.0,0.0,0.0,145.0,7.07,0.141
Brendon Hartley,25,4.0,0,0,3,15.04,1.08,0.0,0.0,138.0,3.51,0.285
Brett Lunger,42,0.0,0,0,9,16.29,7.21,0.0,0.0,145.0,6.64,0.151
Brian Gubby,1,0.0,0,0,0,23.0,,0.0,0.0,145.0,,
Brian Hart,1,0.0,0,0,0,14.0,11.0,0.0,0.0,145.0,,
Brian Henton,37,0.0,0,0,9,20.05,6.35,0.0,0.0,145.0,8.67,0.115
Brian McGuire,1,0.0,0,0,0,35.0,,0.0,0.0,145.0,,
Brian Naylor,9,0.0,0,0,0,19.33,0.71,0.0,0.0,145.0,6.32,0.158
Brian Redman,13,8.0,0,1,6,14.08,2.92,0.0,7.69,133.0,8.47,0.118
Brian Shawe Taylor,2,0.0,0,0,2,9.0,7.0,0.0,0.0,145.0,1.41,0.709
Bruce Halford,9,0.0,0,0,3,13.44,3.0,0.0,0.0,145.0,5.05,0.198
Bruce Johnstone,1,0.0,0,0,1,9.0,8.0,0.0,0.0,145.0,,
Bruce Kessler,1,0.0,0,0,0,20.0,,0.0,0.0,145.0,,
Bruce McLaren,103,196.5,4,27,62,8.74,-0.31,3.88,26.21,54.0,6.02,0.166
Bruno Giacomelli,82,14.0,0,1,19,17.71,-2.32,0.0,1.22,124.0,8.83,0.113
Bruno Senna,46,33.0,0,0,11,15.7,1.22,0.0,0.0,106.0,5.01,0.2
Bud Tingelstad,1,0.0,0,0,1,9.0,19.0,0.0,0.0,145.0,,
Cal Niday,3,0.0,0,0,1,18.67,-1.33,0.0,0.0,145.0,10.26,0.097
Carel Godin de Beaufort,31,4.0,0,0,14,12.42,5.54,0.0,0.0,138.0,5.25,0.19
Carl Forberg,1,0.0,0,0,1,7.0,17.0,0.0,0.0,145.0,,
Carl Scarborough,2,0.0,0,0,0,15.0,2.0,0.0,0.0,145.0,4.24,0.236
Carlo Abate,2,0.0,0,0,0,26.5,,0.0,0.0,145.0,7.78,0.129
Carlo Facetti,1,0.0,0,0,0,27.0,,0.0,0.0,145.0,,
Carlo Franchi,1,0.0,0,0,0,28.0,,0.0,0.0,145.0,,
Carlos Menditeguy,12,9.0,0,1,8,10.5,0.08,0.0,8.33,130.0,5.81,0.172
Carlos Pace,73,58.0,1,6,30,13.22,-2.25,1.37,8.22,96.0,7.03,0.142
Carlos Reutemann,146,310.0,12,45,86,10.0,-2.8,8.22,30.82,34.0,7.7,0.13
Carlos Sainz,208,1203.5,4,27,139,9.27,-0.57,1.92,12.98,13.0,5.47,0.183
Carroll Shelby,9,0.0,0,0,5,11.89,1.22,0.0,0.0,145.0,5.06,0.198
Cecil Green,2,3.0,0,0,1,13.0,-2.0,0.0,0.0,140.0,12.73,0.079
Cesare Perdisa,9,5.0,0,2,8,7.67,4.12,0.0,22.22,137.0,5.15,0.194
Charles Leclerc,149,1363.0,8,43,112,7.56,-0.99,5.37,28.86,10.0,5.99,0.167
Charles Pic,39,0.0,0,0,0,18.08,2.54,0.0,0.0,145.0,2.59,0.386
Charles Pozzi,1,0.0,0,0,1,6.0,9.0,0.0,0.0,145.0,,
Charles de Tornaco,3,0.0,0,0,1,15.33,4.5,0.0,0.0,145.0,9.07,0.11
Chet Miller,2,0.0,0,0,0,27.5,0.0,0.0,0.0,145.0,3.54,0.282
Chico Landi,6,1.5,0,0,4,12.83,4.17,0.0,0.0,142.0,8.35,0.12
Chico Serra,32,1.0,0,0,6,19.59,8.11,0.0,0.0,143.0,8.58,0.117
Chris Amon,106,83.0,0,11,49,12.13,-2.3,0.0,10.38,83.0,6.96,0.144
Chris Bristow,4,0.0,0,0,1,12.5,-3.5,0.0,0.0,145.0,2.38,0.42
Chris Craft,2,0.0,0,0,0,25.0,3.0,0.0,0.0,145.0,1.41,0.709
Chris Irwin,10,2.0,0,0,5,11.1,2.2,0.0,0.0,141.0,4.56,0.219
Chris Lawrence,2,0.0,0,0,0,11.0,11.5,0.0,0.0,145.0,0.0,inf
Christian Danner,47,4.0,0,0,11,18.13,5.56,0.0,0.0,138.0,8.05,0.124
Christian Fittipaldi,43,12.0,0,0,18,13.05,6.35,0.0,0.0,126.0,6.5,0.154
Christian Goethals,1,0.0,0,0,0,16.0,7.0,0.0,0.0,145.0,,
Christian Klien,51,14.0,0,0,15,13.67,-0.51,0.0,0.0,124.0,4.72,0.212
Christijan Albers,46,4.0,0,0,2,15.67,2.61,0.0,0.0,138.0,3.73,0.268
Chuck Arnold,1,0.0,0,0,0,15.0,6.0,0.0,0.0,145.0,,
Chuck Daigh,6,0.0,0,0,1,17.83,3.25,0.0,0.0,145.0,5.42,0.185
Chuck Stevenson,7,0.0,0,0,1,18.0,-7.57,0.0,0.0,145.0,6.78,0.147
Chuck Weyant,4,0.0,0,0,0,19.5,7.5,0.0,0.0,145.0,7.72,0.13
Claudio Langes,14,0.0,0,0,0,33.0,,0.0,0.0,145.0,0.88,1.136
Clay Regazzoni,138,212.0,5,28,74,11.17,-1.85,3.62,20.29,51.0,7.72,0.13
Clemar Bucci,5,0.0,0,0,1,16.4,-1.2,0.0,0.0,145.0,6.07,0.165
Clemente Biondetti,1,0.0,0,0,0,18.0,7.0,0.0,0.0,145.0,,
Cliff Allison,18,11.0,0,1,11,10.89,3.88,0.0,5.56,127.0,6.16,0.162
Cliff Griffith,3,0.0,0,0,2,15.67,3.33,0.0,0.0,145.0,10.69,0.094
Clive Puzey,1,0.0,0,0,0,26.0,,0.0,0.0,145.0,,
Colin Chapman,1,0.0,0,0,0,20.0,-15.0,0.0,0.0,145.0,,
Colin Davis,3,0.0,0,0,0,17.0,2.0,0.0,0.0,145.0,5.2,0.192
Conny Andersson,5,0.0,0,0,0,29.0,-7.0,0.0,0.0,145.0,2.35,0.426
Consalvo Sanesi,5,3.0,0,0,3,10.8,-5.8,0.0,0.0,140.0,7.4,0.135
Corrado Fabi,18,0.0,0,0,2,19.78,5.92,0.0,0.0,145.0,6.66,0.15
Cristiano da Matta,28,13.0,0,0,11,12.11,-0.68,0.0,0.0,125.0,4.29,0.233
Cuth Harrison,3,0.0,0,0,2,11.0,5.67,0.0,0.0,145.0,5.29,0.189
Damien Magee,2,0.0,0,0,0,21.0,8.0,0.0,0.0,145.0,9.9,0.101
Damon Hill,122,360.0,22,42,70,9.92,-2.82,18.03,34.43,31.0,8.39,0.119
Dan Gurney,87,133.0,4,19,45,9.76,-2.81,4.6,21.84,66.0,5.66,0.177
Daniel Ricciardo,257,1320.0,8,32,135,10.21,-0.19,3.11,12.45,11.0,5.71,0.175
Daniil Kvyat,112,202.0,0,3,44,12.22,-0.11,0.0,2.68,53.0,4.59,0.218
Danny Kladis,1,0.0,0,0,0,30.0,-1.0,0.0,0.0,145.0,,
Danny Ongais,6,0.0,0,0,1,22.17,5.0,0.0,0.0,145.0,8.86,0.113
Danny Sullivan,15,2.0,0,0,4,14.87,5.87,0.0,0.0,141.0,6.41,0.156
Dave Charlton,13,0.0,0,0,1,20.31,-2.45,0.0,0.0,145.0,6.1,0.164
Dave Kennedy,7,0.0,0,0,0,26.14,,0.0,0.0,145.0,0.9,1.111
Dave Morgan,1,0.0,0,0,0,18.0,5.0,0.0,0.0,145.0,,
David Brabham,30,0.0,0,0,2,19.4,6.83,0.0,0.0,145.0,6.31,0.158
David Clapham,1,0.0,0,0,0,30.0,,0.0,0.0,145.0,,
David Coulthard,247,535.0,13,62,147,9.49,-1.81,5.26,25.1,22.0,6.48,0.154
David Hampshire,2,0.0,0,0,1,12.5,4.0,0.0,0.0,145.0,4.95,0.202
David Hobbs,7,0.0,0,0,7,9.0,8.71,0.0,0.0,145.0,1.15,0.87
David Murray,4,0.0,0,0,1,17.25,2.5,0.0,0.0,145.0,8.3,0.12
David Piper,3,0.0,0,0,0,18.33,4.0,0.0,0.0,145.0,5.51,0.181
David Prophet,2,0.0,0,0,0,15.0,1.5,0.0,0.0,145.0,1.41,0.709
David Purley,11,0.0,0,0,1,20.64,3.25,0.0,0.0,145.0,7.53,0.133
David Walker,11,0.0,0,0,2,17.55,2.45,0.0,0.0,145.0,5.43,0.184
Dempsey Wilson,2,0.0,0,0,0,24.0,8.5,0.0,0.0,145.0,12.73,0.079
Dennis Poore,2,3.0,0,0,1,8.0,5.5,0.0,0.0,140.0,5.66,0.177
Dennis Taylor,1,0.0,0,0,0,28.0,,0.0,0.0,145.0,,
Denny Hulme,112,248.0,8,33,75,8.21,-0.96,7.14,29.46,45.0,6.3,0.159
Derek Bell,14,1.0,0,0,1,21.5,0.44,0.0,0.0,143.0,7.3,0.137
Derek Daly,64,15.0,0,0,20,16.2,4.0,0.0,0.0,123.0,8.06,0.124
Derek Warwick,162,71.0,0,4,59,14.96,-1.93,0.0,2.47,89.0,7.75,0.129
Desiré Wilson,1,0.0,0,0,0,27.0,,0.0,0.0,145.0,,
Desmond Titterington,1,0.0,0,0,0,14.0,-3.0,0.0,0.0,145.0,,
Dick Gibson,2,0.0,0,0,0,22.5,-1.5,0.0,0.0,145.0,0.71,1.408
Dick Rathmann,5,2.0,0,0,1,23.0,-16.8,0.0,0.0,141.0,11.11,0.09
Didier Pironi,72,101.0,3,13,43,11.25,-0.99,4.17,18.06,78.0,7.73,0.129
Dieter Quester,1,0.0,0,0,1,9.0,16.0,0.0,0.0,145.0,,
Divina Galica,3,0.0,0,0,0,27.67,,0.0,0.0,145.0,0.58,1.724
Domenico Schiattarella,7,0.0,0,0,1,18.86,4.43,0.0,0.0,145.0,5.55,0.18
Don Beauman,1,0.0,0,0,0,11.0,6.0,0.0,0.0,145.0,,
Don Branson,2,3.0,0,0,1,14.0,-5.0,0.0,0.0,140.0,14.14,0.071
Don Edmunds,1,0.0,0,0,0,19.0,8.0,0.0,0.0,145.0,,
Don Freeland,8,4.0,0,1,3,15.0,2.25,0.0,12.5,138.0,8.6,0.116
Dorino Serafini,1,3.0,0,1,1,2.0,4.0,0.0,100.0,140.0,,
Doug Serrurier,3,0.0,0,0,0,15.67,4.0,0.0,0.0,145.0,6.43,0.156
Dries van der Lof,1,0.0,0,0,0,12.0,2.0,0.0,0.0,145.0,,
Duane Carter,10,6.5,0,1,5,10.0,3.5,0.0,10.0,135.0,6.36,0.157
Duke Dinsmore,4,0.0,0,0,0,22.5,-2.0,0.0,0.0,145.0,7.85,0.127
Duke Nalon,3,0.0,0,0,1,15.33,-5.0,0.0,0.0,145.0,8.39,0.119
Duncan Hamilton,5,0.0,0,0,1,16.4,-2.6,0.0,0.0,145.0,7.5,0.133
Ed Elisian,5,0.0,0,0,0,25.6,-9.0,0.0,0.0,145.0,5.03,0.199
Eddie Cheever,143,70.0,0,9,44,14.94,0.61,0.0,6.29,90.0,7.35,0.136
Eddie Irvine,147,191.0,4,26,76,11.01,-1.69,2.72,17.69,56.0,6.89,0.145
Eddie Johnson,9,1.0,0,0,4,13.44,7.67,0.0,0.0,143.0,6.73,0.149
Eddie Keizan,3,0.0,0,0,0,13.33,9.33,0.0,0.0,145.0,0.58,1.724
Eddie Russo,4,0.0,0,0,0,25.75,-5.25,0.0,0.0,145.0,4.5,0.222
Eddie Sachs,4,0.0,0,0,0,20.75,-15.0,0.0,0.0,145.0,2.63,0.38
Edgar Barth,7,0.0,0,0,2,17.71,3.6,0.0,0.0,145.0,10.34,0.097
Eitel Cantoni,3,0.0,0,0,0,20.33,5.0,0.0,0.0,145.0,10.07,0.099
Elio de Angelis,110,122.0,2,9,56,11.98,-0.64,1.82,8.18,72.0,7.64,0.131
Eliseo Salazar,37,3.0,0,0,4,20.35,6.08,0.0,0.0,140.0,7.36,0.136
Elmer George,1,0.0,0,0,0,33.0,-24.0,0.0,0.0,145.0,,
Emanuele Naspetti,6,0.0,0,0,0,16.0,7.33,0.0,0.0,145.0,5.66,0.177
Emanuele Pirro,40,3.0,0,0,12,17.5,-0.14,0.0,0.0,140.0,8.04,0.124
Emerson Fittipaldi,149,281.0,14,35,76,11.1,1.21,9.4,23.49,38.0,7.91,0.126
Emilio Zapico,1,0.0,0,0,0,27.0,,0.0,0.0,145.0,,
Emilio de Villota,14,0.0,0,0,0,26.57,9.5,0.0,0.0,145.0,5.32,0.188
Enrico Bertaggia,6,0.0,0,0,0,38.83,,0.0,0.0,145.0,0.41,2.439
Enrique Bernoldi,29,0.0,0,0,3,15.79,2.61,0.0,0.0,145.0,4.14,0.242
Eppie Wietzes,2,0.0,0,0,0,19.0,2.0,0.0,0.0,145.0,8.49,0.118
Eric Brandon,5,0.0,0,0,2,15.8,2.6,0.0,0.0,145.0,8.76,0.114
Eric Thompson,1,2.0,0,0,1,5.0,4.0,0.0,0.0,141.0,,
Eric van de Poele,29,0.0,0,0,2,27.69,5.0,0.0,0.0,145.0,6.38,0.157
Ernesto Brambilla,1,0.0,0,0,0,26.0,,0.0,0.0,145.0,,
Ernesto Prinoth,2,0.0,0,0,0,32.0,,0.0,0.0,145.0,7.07,0.141
Ernie McCoy,2,0.0,0,0,1,12.0,8.0,0.0,0.0,145.0,5.66,0.177
Ernie Pieterse,3,0.0,0,0,1,18.0,-2.0,0.0,0.0,145.0,7.55,0.132
Ernie de Vos,1,0.0,0,0,0,24.0,,0.0,0.0,145.0,,
Ernst Klodwig,2,0.0,0,0,0,13.5,17.0,0.0,0.0,145.0,2.12,0.472
Ernst Loof,1,0.0,0,0,0,34.0,-3.0,0.0,0.0,145.0,,
Erwin Bauer,1,0.0,0,0,0,32.0,1.0,0.0,0.0,145.0,,
Esteban Gutiérrez,59,6.0,0,0,1,15.07,0.2,0.0,0.0,136.0,3.33,0.3
Esteban Ocon,156,440.0,1,4,85,11.22,0.34,0.64,2.56,25.0,4.73,0.211
Esteban Tuero,16,0.0,0,0,1,15.44,4.75,0.0,0.0,145.0,3.67,0.272
Ettore Chimeri,1,0.0,0,0,0,20.0,1.0,0.0,0.0,145.0,,
Eugenio Castellotti,17,19.5,0,3,8,9.53,-4.65,0.0,17.65,116.0,5.5,0.182
Eugène Chaboud,3,1.0,0,0,2,8.0,2.33,0.0,0.0,143.0,3.0,0.333
Eugène Martin,2,0.0,0,0,0,16.5,-8.5,0.0,0.0,145.0,3.54,0.282
Fabrizio Barbazza,20,2.0,0,0,2,24.75,7.38,0.0,0.0,141.0,8.6,0.116
Felice Bonetto,17,17.5,0,2,10,10.35,-0.29,0.0,11.76,119.0,7.72,0.13
Felipe Massa,271,1167.0,11,41,187,9.0,-0.48,4.06,15.13,14.0,5.52,0.181
Felipe Nasr,40,29.0,0,0,7,14.15,2.23,0.0,0.0,110.0,4.06,0.246
Fernando Alonso,404,2329.0,32,106,271,8.49,0.13,7.92,26.24,4.0,6.04,0.166
Franck Lagorce,2,0.0,0,0,0,15.0,5.0,0.0,0.0,145.0,5.66,0.177
Franck Montagny,7,0.0,0,0,0,18.71,1.57,0.0,0.0,145.0,2.63,0.38
Franco Colapinto,9,5.0,0,0,2,13.56,2.0,0.0,0.0,137.0,3.97,0.252
Franco Comotti,2,0.0,0,0,0,16.0,5.0,0.0,0.0,145.0,5.66,0.177
Franco Forini,2,0.0,0,0,0,19.5,6.5,0.0,0.0,145.0,2.12,0.472
Franco Rol,5,0.0,0,0,1,14.6,-1.2,0.0,0.0,145.0,4.45,0.225
Frank Armi,1,0.0,0,0,0,19.0,14.0,0.0,0.0,145.0,,
Frank Dochnal,1,0.0,0,0,0,22.0,,0.0,0.0,145.0,,
Frank Gardner,9,0.0,0,0,1,15.89,0.0,0.0,0.0,145.0,5.01,0.2
François Cevert,47,89.0,1,13,28,9.94,-0.61,2.13,27.66,80.0,7.24,0.138
François Hesnault,20,0.0,0,0,5,18.65,0.53,0.0,0.0,145.0,6.71,0.149
François Mazet,1,0.0,0,0,0,13.0,10.0,0.0,0.0,145.0,,
François Migault,15,0.0,0,0,0,18.07,5.36,0.0,0.0,145.0,4.43,0.226
François Picard,1,0.0,0,0,0,18.0,6.0,0.0,0.0,145.0,,
Fred Agabashian,8,1.5,0,0,2,18.5,-11.62,0.0,0.0,142.0,10.47,0.096
Fred Gamble,1,0.0,0,0,1,10.0,4.0,0.0,0.0,145.0,,
Fred Wacker,3,0.0,0,0,2,9.67,6.33,0.0,0.0,145.0,4.04,0.248
Fritz Riess,1,0.0,0,0,1,7.0,5.0,0.0,0.0,145.0,,
Fritz d'Orey,3,0.0,0,0,1,12.67,5.67,0.0,0.0,145.0,2.52,0.397
Gabriele Tarquini,78,1.0,0,0,5,23.86,4.18,0.0,0.0,143.0,8.33,0.12
Gaetano Starrabba,2,0.0,0,0,0,24.0,15.0,0.0,0.0,145.0,12.73,0.079
Gary Brabham,2,0.0,0,0,0,34.5,,0.0,0.0,145.0,0.71,1.408
Gary Hocking,1,0.0,0,0,0,18.0,,0.0,0.0,145.0,,
Gastón Mazzacane,21,0.0,0,0,3,14.19,7.05,0.0,0.0,145.0,3.41,0.293
Gene Force,2,0.0,0,0,0,19.5,1.5,0.0,0.0,145.0,12.02,0.083
Gene Hartley,9,0.0,0,0,2,16.67,0.44,0.0,0.0,145.0,7.68,0.13
Geoff Crossley,2,0.0,0,0,1,12.5,2.0,0.0,0.0,145.0,4.95,0.202
Geoff Duke,1,0.0,0,0,0,32.0,,0.0,0.0,145.0,,
Geoff Lees,12,0.0,0,0,1,21.58,7.4,0.0,0.0,145.0,7.27,0.138
George Abecassis,2,0.0,0,0,0,17.0,-2.0,0.0,0.0,145.0,0.0,inf
George Amick,1,6.0,0,1,1,2.0,23.0,0.0,100.0,136.0,,
George Connor,3,0.0,0,0,2,15.33,-2.33,0.0,0.0,145.0,12.7,0.079
George Constantine,1,0.0,0,0,0,16.0,-1.0,0.0,0.0,145.0,,
George Eaton,13,0.0,0,0,2,15.38,2.64,0.0,0.0,145.0,4.37,0.229
George Follmer,12,5.0,0,1,4,14.75,4.17,0.0,8.33,137.0,6.65,0.15
George Fonder,3,0.0,0,0,0,21.67,2.33,0.0,0.0,145.0,8.33,0.12
George Russell,128,664.0,3,15,63,10.53,-0.25,2.34,11.72,18.0,5.9,0.169
Georges Berger,2,0.0,0,0,0,18.5,1.5,0.0,0.0,145.0,0.71,1.408
Georges Grignard,1,0.0,0,0,0,16.0,0.0,0.0,0.0,145.0,,
Gerhard Berger,210,385.0,10,48,115,10.91,-4.54,4.76,22.86,30.0,7.95,0.126
Gerhard Mitter,5,3.0,0,0,2,14.6,4.5,0.0,0.0,140.0,9.71,0.103
Gerino Gerini,7,1.5,0,0,3,11.86,5.5,0.0,0.0,142.0,5.01,0.2
Gerry Ashmore,5,0.0,0,0,0,24.6,0.0,0.0,0.0,145.0,5.98,0.167
Giacomo Russo,3,0.0,0,0,1,16.33,6.5,0.0,0.0,145.0,6.66,0.15
Giancarlo Baghetti,26,14.0,1,1,10,15.04,3.67,3.85,3.85,124.0,7.19,0.139
Giancarlo Fisichella,231,275.0,3,19,116,10.99,0.43,1.3,8.23,40.0,5.74,0.174
Gianfranco Brancatelli,3,0.0,0,0,0,26.67,,0.0,0.0,145.0,1.53,0.654
Gianmaria Bruni,18,0.0,0,0,0,16.67,1.67,0.0,0.0,145.0,2.0,0.5
Gianni Morbidelli,70,8.5,0,1,18,15.53,0.84,0.0,1.43,131.0,6.3,0.159
Giedo van der Garde,19,0.0,0,0,0,18.05,1.32,0.0,0.0,145.0,2.48,0.403
Gijs van Lennep,9,2.0,0,0,5,12.89,12.0,0.0,0.0,141.0,7.18,0.139
Gilles Villeneuve,68,107.0,6,13,36,10.9,-2.85,8.82,19.12,75.0,7.24,0.138
Gino Bianco,4,0.0,0,0,0,20.75,-0.5,0.0,0.0,145.0,6.18,0.162
Gino Munaron,4,0.0,0,0,0,14.25,3.5,0.0,0.0,145.0,1.5,0.667
Giorgio Bassi,1,0.0,0,0,0,23.0,-1.0,0.0,0.0,145.0,,
Giorgio Francia,2,0.0,0,0,0,32.0,,0.0,0.0,145.0,2.83,0.353
Giorgio Pantano,14,0.0,0,0,0,16.14,0.64,0.0,0.0,145.0,2.35,0.426
Giorgio Scarlatti,15,1.0,0,0,5,13.73,2.25,0.0,0.0,143.0,5.73,0.175
Giovanna Amati,3,0.0,0,0,0,30.0,,0.0,0.0,145.0,0.0,inf
Giovanni Lavaggi,10,0.0,0,0,1,17.5,5.0,0.0,0.0,145.0,4.03,0.248
Giovanni de Riu,1,0.0,0,0,0,21.0,0.0,0.0,0.0,145.0,,
Giulio Cabianca,4,3.0,0,0,2,13.0,5.67,0.0,0.0,140.0,8.6,0.116
Graham Hill,179,289.0,14,36,94,10.17,0.36,7.82,20.11,36.0,6.33,0.158
Graham McRae,1,0.0,0,0,0,28.0,0.0,0.0,0.0,145.0,,
Graham Whitehead,1,0.0,0,0,0,12.0,0.0,0.0,0.0,145.0,,
Gregor Foitek,22,0.0,0,0,1,27.64,6.43,0.0,0.0,145.0,8.88,0.113
Guanyu Zhou,68,16.0,0,0,7,14.65,1.03,0.0,0.0,121.0,3.08,0.325
Gunnar Nilsson,32,31.0,1,4,10,14.09,-2.31,3.12,12.5,109.0,7.88,0.127
Gus Hutchison,1,0.0,0,0,0,21.0,1.0,0.0,0.0,145.0,,
Guy Edwards,16,0.0,0,0,2,19.81,4.73,0.0,0.0,145.0,8.17,0.122
Guy Ligier,13,1.0,0,0,9,10.15,6.92,0.0,0.0,143.0,3.63,0.275
Guy Mairesse,3,0.0,0,0,1,11.33,5.67,0.0,0.0,145.0,2.52,0.397
Guy Tunmer,1,0.0,0,0,0,11.0,14.0,0.0,0.0,145.0,,
Gérard Larrousse,2,0.0,0,0,0,27.5,-14.0,0.0,0.0,145.0,3.54,0.282
Günther Bechem,2,0.0,0,0,0,23.5,6.5,0.0,0.0,145.0,7.78,0.129
Günther Seiffert,2,0.0,0,0,0,30.5,,0.0,0.0,145.0,0.71,1.408
Hans Binder,15,0.0,0,0,3,15.67,7.15,0.0,0.0,145.0,7.4,0.135
Hans Herrmann,20,10.0,0,1,8,12.95,0.82,0.0,5.0,128.0,6.79,0.147
Hans Heyer,1,0.0,0,0,0,24.0,1.0,0.0,0.0,145.0,,
Hans Klenk,1,0.0,0,0,0,11.0,-3.0,0.0,0.0,145.0,,
Hans von Stuck,4,0.0,0,0,0,24.5,0.33,0.0,0.0,145.0,9.95,0.101
Hans-Joachim Stuck,81,29.0,0,2,19,16.16,-0.74,0.0,2.47,110.0,7.28,0.137
Hap Sharp,6,0.0,0,0,3,11.67,5.5,0.0,0.0,145.0,4.08,0.245
Harald Ertl,29,0.0,0,0,6,18.93,6.95,0.0,0.0,145.0,7.54,0.133
Harry Blanchard,1,0.0,0,0,1,7.0,9.0,0.0,0.0,145.0,,
Harry Schell,64,32.0,0,2,32,11.03,-0.4,0.0,3.12,107.0,5.58,0.179
Hector Rebaque,58,13.0,0,0,12,18.31,2.83,0.0,0.0,125.0,8.16,0.123
Heikki Kovalainen,112,105.0,1,4,36,13.29,0.46,0.89,3.57,76.0,5.63,0.178
Heini Walter,1,0.0,0,0,0,14.0,0.0,0.0,0.0,145.0,,
Heinz Schiller,2,0.0,0,0,0,24.5,-4.0,0.0,0.0,145.0,0.71,1.408
Heinz-Harald Frentzen,159,174.0,3,18,82,11.08,-2.04,1.89,11.32,61.0,6.57,0.152
Helmut Marko,9,0.0,0,0,3,13.67,3.22,0.0,0.0,145.0,5.32,0.188
Helmut Niedermayr,1,0.0,0,0,1,9.0,13.0,0.0,0.0,145.0,,
Helmuth Koinigg,3,0.0,0,0,1,21.33,6.0,0.0,0.0,145.0,10.6,0.094
Henri Louveau,2,0.0,0,0,0,17.5,-4.0,0.0,0.0,145.0,2.12,0.472
Henri Pescarolo,59,12.0,0,1,21,14.17,3.57,0.0,1.69,126.0,6.6,0.152
Henry Banks,3,0.0,0,0,1,16.67,0.0,0.0,0.0,145.0,9.71,0.103
Henry Taylor,10,3.0,0,0,4,13.8,6.0,0.0,0.0,140.0,8.19,0.122
Herbert MacKay-Fraser,1,0.0,0,0,0,11.0,1.0,0.0,0.0,145.0,,
Hermann Lang,2,2.0,0,0,1,8.5,3.5,0.0,0.0,141.0,4.95,0.202
Hernando da Silva Ramos,8,2.0,0,0,3,13.12,4.5,0.0,0.0,141.0,6.06,0.165
Hideki Noda,3,0.0,0,0,0,24.67,-1.33,0.0,0.0,145.0,1.53,0.654
Hiroshi Fushida,2,0.0,0,0,0,26.5,,0.0,0.0,145.0,2.12,0.472
Horace Gould,18,2.0,0,0,4,14.83,1.87,0.0,0.0,141.0,5.18,0.193
Howden Ganley,39,10.0,0,0,17,13.69,3.67,0.0,0.0,128.0,7.09,0.141
Hubert Hahne,3,0.0,0,0,1,17.33,2.5,0.0,0.0,145.0,7.51,0.133
Huub Rothengatter,28,0.0,0,0,5,16.93,7.88,0.0,0.0,145.0,6.09,0.164
Ian Ashley,11,0.0,0,0,0,24.0,3.2,0.0,0.0,145.0,6.54,0.153
Ian Burgess,26,0.0,0,0,3,17.38,4.88,0.0,0.0,145.0,5.98,0.167
Ian Raby,7,0.0,0,0,0,19.71,5.33,0.0,0.0,145.0,4.75,0.211
Ian Scheckter,20,0.0,0,0,3,18.35,2.22,0.0,0.0,145.0,5.96,0.168
Ian Stewart,1,0.0,0,0,0,22.0,-2.0,0.0,0.0,145.0,,
Ignazio Giunti,4,3.0,0,0,2,10.25,-0.5,0.0,0.0,140.0,5.68,0.176
Ingo Hoffmann,6,0.0,0,0,1,19.33,7.67,0.0,0.0,145.0,9.4,0.106
Innes Ireland,55,47.0,1,4,26,12.07,-1.06,1.82,7.27,100.0,6.44,0.155
Ivan Capelli,98,31.0,0,3,22,16.82,-1.28,0.0,3.06,109.0,7.0,0.143
Ivor Bueb,6,0.0,0,0,1,12.83,5.2,0.0,0.0,145.0,3.6,0.278
Jac Nelleman,1,0.0,0,0,0,27.0,,0.0,0.0,145.0,,
Jack Aitken,1,0.0,0,0,0,16.0,1.0,0.0,0.0,145.0,,
Jack Brabham,129,261.0,14,31,73,9.19,-1.7,10.85,24.03,42.0,6.45,0.155
Jack Doohan,1,0.0,0,0,0,15.0,2.0,0.0,0.0,145.0,,
Jack Fairman,13,5.0,0,0,3,16.62,1.92,0.0,0.0,137.0,7.04,0.142
Jack McGrath,6,9.0,0,2,3,10.33,-7.17,0.0,33.33,130.0,8.89,0.112
Jack Turner,4,0.0,0,0,0,22.0,-5.25,0.0,0.0,145.0,7.39,0.135
Jackie Holmes,2,0.0,0,0,0,21.0,3.0,0.0,0.0,145.0,2.83,0.353
Jackie Lewis,11,3.0,0,0,5,14.73,1.89,0.0,0.0,140.0,7.76,0.129
Jackie Oliver,51,13.0,0,2,16,13.92,0.18,0.0,3.92,125.0,6.03,0.166
Jackie Pretorius,4,0.0,0,0,1,19.25,5.67,0.0,0.0,145.0,7.18,0.139
Jackie Stewart,100,360.0,27,43,65,7.41,-2.91,27.0,43.0,31.0,6.68,0.15
Jacky Ickx,121,181.0,8,25,58,11.39,-0.8,6.61,20.66,58.0,7.39,0.135
Jacques Laffite,180,228.0,6,33,82,12.16,-0.46,3.33,18.33,50.0,7.57,0.132
Jacques Pollet,5,0.0,0,0,2,13.2,3.8,0.0,0.0,145.0,4.97,0.201
Jacques Swaters,7,0.0,0,0,3,12.86,5.0,0.0,0.0,145.0,4.74,0.211
Jacques Villeneuve,165,235.0,11,23,88,10.25,-1.12,6.67,13.94,49.0,5.7,0.175
Jacques Villeneuve Sr.,3,0.0,0,0,0,27.67,,0.0,0.0,145.0,0.58,1.724
Jaime Alguersuari,46,31.0,0,0,10,13.89,1.26,0.0,0.0,109.0,4.58,0.218
James Hunt,93,179.0,10,23,46,11.54,-4.39,10.75,24.73,60.0,8.23,0.122
Jan Flinterman,2,0.0,0,0,1,13.0,2.5,0.0,0.0,145.0,5.66,0.177
Jan Lammers,41,0.0,0,0,4,19.9,5.43,0.0,0.0,145.0,6.67,0.15
Jan Magnussen,25,1.0,0,0,6,15.4,1.08,0.0,0.0,143.0,5.12,0.195
Jarno Trulli,256,246.5,1,11,107,12.36,-1.96,0.39,4.3,46.0,5.96,0.168
Jay Chamberlain,3,0.0,0,0,0,24.33,5.0,0.0,0.0,145.0,8.08,0.124
Jean Alesi,202,241.0,1,32,108,11.25,-2.22,0.5,15.84,47.0,7.04,0.142
Jean Behra,57,51.0,0,9,31,10.67,-2.56,0.0,15.79,98.0,6.14,0.163
Jean Lucas,1,0.0,0,0,0,19.0,3.0,0.0,0.0,145.0,,
Jean Lucienbonnet,1,0.0,0,0,0,23.0,,0.0,0.0,145.0,,
Jean-Christophe Boullion,11,3.0,0,0,5,12.73,2.82,0.0,0.0,140.0,6.05,0.165
Jean-Denis Délétraz,3,0.0,0,0,0,16.67,7.67,0.0,0.0,145.0,2.89,0.346
Jean-Louis Schlesser,2,0.0,0,0,0,20.0,11.0,0.0,0.0,145.0,12.73,0.079
Jean-Marc Gounon,9,0.0,0,0,2,15.33,8.56,0.0,0.0,145.0,4.87,0.205
Jean-Pierre Beltoise,87,77.0,1,8,47,11.67,0.24,1.15,9.2,85.0,7.08,0.141
Jean-Pierre Jabouille,55,21.0,2,2,7,17.27,-6.65,3.64,3.64,114.0,6.17,0.162
Jean-Pierre Jarier,143,31.5,0,3,43,14.86,0.23,0.0,2.1,108.0,6.52,0.153
Jean-Éric Vergne,58,51.0,0,0,14,13.98,0.09,0.0,0.0,98.0,4.83,0.207
Jenson Button,309,1235.0,15,50,181,9.7,0.31,4.85,16.18,12.0,6.0,0.167
Jerry Hoyt,5,0.0,0,0,1,21.8,-4.8,0.0,0.0,145.0,8.58,0.117
Jerry Unser,1,0.0,0,0,0,31.0,-7.0,0.0,0.0,145.0,,
Jesús Iglesias,1,0.0,0,0,1,10.0,7.0,0.0,0.0,145.0,,
Jim Clark,73,274.0,25,32,50,7.1,-3.49,34.25,43.84,41.0,6.43,0.156
Jim Crawford,2,0.0,0,0,0,17.0,8.0,0.0,0.0,145.0,5.66,0.177
Jim Hall,12,3.0,0,0,7,10.17,6.0,0.0,0.0,140.0,4.17,0.24
Jim Hurtubise,1,0.0,0,0,0,18.0,5.0,0.0,0.0,145.0,,
Jim McWithey,2,0.0,0,0,0,22.5,10.0,0.0,0.0,145.0,9.19,0.109
Jim Rathmann,12,29.0,1,4,6,11.67,5.67,8.33,33.33,110.0,9.7,0.103
Jim Rigsby,1,0.0,0,0,0,12.0,14.0,0.0,0.0,145.0,,
Jimmy Bryan,9,18.0,1,3,4,13.44,1.78,11.11,33.33,118.0,11.22,0.089
Jimmy Davies,6,4.0,0,1,2,12.83,9.33,0.0,16.67,138.0,6.11,0.164
Jimmy Daywalt,7,0.0,0,0,2,18.86,-4.29,0.0,0.0,145.0,9.03,0.111
Jimmy Jackson,2,0.0,0,0,0,22.0,-2.0,0.0,0.0,145.0,9.9,0.101
Jimmy Reece,6,0.0,0,0,3,15.0,-2.5,0.0,0.0,145.0,10.18,0.098
Jimmy Stewart,1,0.0,0,0,0,11.0,4.0,0.0,0.0,145.0,,
Jo Bonnier,109,39.0,1,1,51,11.95,0.52,0.92,0.92,104.0,5.65,0.177
Jo Gartner,8,0.0,0,0,1,16.12,7.75,0.0,0.0,145.0,6.96,0.144
Jo Schlesser,2,0.0,0,0,0,20.5,-2.0,0.0,0.0,145.0,4.95,0.202
Jo Siffert,100,68.0,2,6,54,10.8,0.74,2.0,6.0,91.0,5.31,0.188
Jo Vonlanthen,1,0.0,0,0,0,22.0,6.0,0.0,0.0,145.0,,
Joachim Winkelhock,7,0.0,0,0,0,36.57,,0.0,0.0,145.0,1.72,0.581
Jochen Mass,114,71.0,1,8,48,13.42,2.61,0.88,7.02,89.0,7.66,0.131
Jochen Rindt,62,109.0,6,13,28,10.0,-3.22,9.68,20.97,74.0,5.95,0.168
Jody Scheckter,113,255.0,10,33,70,9.29,-1.19,8.85,29.2,44.0,7.16,0.14
Joe Fry,1,0.0,0,0,1,10.0,10.0,0.0,0.0,145.0,,
Joe James,2,0.0,0,0,0,23.0,0.0,0.0,0.0,145.0,14.14,0.071
Joe Kelly,2,0.0,0,0,0,14.0,4.5,0.0,0.0,145.0,1.41,0.709
John Barber,1,0.0,0,0,1,8.0,8.0,0.0,0.0,145.0,,
John Campbell-Jones,5,0.0,0,0,0,20.2,9.0,0.0,0.0,145.0,8.87,0.113
John Cannon,1,0.0,0,0,0,14.0,10.0,0.0,0.0,145.0,,
John Cordts,1,0.0,0,0,0,17.0,2.0,0.0,0.0,145.0,,
John Fitch,2,0.0,0,0,1,18.5,4.5,0.0,0.0,145.0,13.44,0.074
John James,1,0.0,0,0,0,20.0,-3.0,0.0,0.0,145.0,,
John Love,10,6.0,0,1,5,13.1,4.0,0.0,10.0,136.0,6.84,0.146
John Miles,15,2.0,0,0,4,14.33,-1.0,0.0,0.0,141.0,5.6,0.179
John Nicholson,2,0.0,0,0,0,24.0,9.0,0.0,0.0,145.0,9.9,0.101
John Rhodes,1,0.0,0,0,0,16.0,5.0,0.0,0.0,145.0,,
John Riseley-Prichard,1,0.0,0,0,0,22.0,-1.0,0.0,0.0,145.0,,
John Surtees,112,180.0,6,24,58,10.34,-2.68,5.36,21.43,59.0,6.71,0.149
John Taylor,5,1.0,0,0,3,10.8,7.8,0.0,0.0,143.0,5.02,0.199
John Watson,154,169.0,5,20,77,11.65,0.41,3.25,12.99,62.0,7.11,0.141
Johnnie Parsons,10,12.0,1,1,3,15.4,-0.4,10.0,10.0,126.0,9.71,0.103
Johnnie Tolan,3,0.0,0,0,0,18.0,12.67,0.0,0.0,145.0,4.36,0.229
Johnny Boyd,6,4.0,0,1,3,16.83,-4.33,0.0,16.67,138.0,13.04,0.077
Johnny Cecotto,23,1.0,0,0,3,18.39,4.0,0.0,0.0,143.0,7.02,0.142
Johnny Claes,25,0.0,0,0,6,13.84,5.61,0.0,0.0,145.0,6.45,0.155
Johnny Dumfries,16,3.0,0,0,7,14.38,-0.47,0.0,0.0,140.0,6.73,0.149
Johnny Herbert,165,98.0,3,7,72,12.9,0.49,1.82,4.24,79.0,6.85,0.146
Johnny Mantz,1,0.0,0,0,0,17.0,-3.0,0.0,0.0,145.0,,
Johnny McDowell,3,0.0,0,0,0,23.67,7.0,0.0,0.0,145.0,7.37,0.136
Johnny Servoz-Gavin,12,9.0,0,1,6,10.92,3.18,0.0,8.33,130.0,5.7,0.175
Johnny Thomson,9,10.0,0,1,3,17.11,0.33,0.0,11.11,128.0,11.58,0.086
Joie Chitwood,1,1.0,0,0,1,5.0,4.0,0.0,0.0,143.0,,
Jolyon Palmer,37,9.0,0,0,2,15.27,1.05,0.0,0.0,130.0,4.09,0.244
Jonathan Palmer,88,14.0,0,0,30,15.03,6.14,0.0,0.0,124.0,6.86,0.146
Jonathan Williams,1,0.0,0,0,1,8.0,8.0,0.0,0.0,145.0,,
Jorge Daponte,2,0.0,0,0,0,13.0,5.5,0.0,0.0,145.0,2.83,0.353
Jos Verstappen,107,17.0,0,2,25,14.24,2.08,0.0,1.87,120.0,4.85,0.206
Josef Peters,1,0.0,0,0,0,28.0,-8.0,0.0,0.0,145.0,,
José Dolhem,3,0.0,0,0,0,25.0,5.0,0.0,0.0,145.0,3.61,0.277
José Froilán González,29,77.64,2,15,20,7.66,-2.48,6.9,51.72,84.0,7.31,0.137
Juan Fangio,58,279.14,24,35,45,4.79,-2.31,41.38,60.34,39.0,5.03,0.199
Juan Jover,1,0.0,0,0,0,20.0,-2.0,0.0,0.0,145.0,,
Juan Manuel Bordeu,1,0.0,0,0,0,28.0,,0.0,0.0,145.0,,
Juan Pablo Montoya,95,307.0,7,30,58,8.53,-3.16,7.37,31.58,35.0,6.57,0.152
Jud Larson,2,0.0,0,0,1,18.5,0.5,0.0,0.0,145.0,14.85,0.067
Jules Bianchi,34,2.0,0,0,1,17.12,1.71,0.0,0.0,141.0,2.67,0.375
Julian Bailey,20,1.0,0,0,2,23.85,9.29,0.0,0.0,143.0,7.92,0.126
Justin Wilson,16,1.0,0,0,1,14.56,2.62,0.0,0.0,143.0,2.99,0.334
Jyrki Järvilehto,70,10.0,0,1,22,15.73,2.1,0.0,1.43,128.0,7.74,0.129
Jérôme d'Ambrosio,20,0.0,0,0,0,18.35,3.2,0.0,0.0,145.0,2.72,0.368
Kamui Kobayashi,76,125.0,0,1,28,13.99,0.26,0.0,1.32,70.0,5.87,0.17
Karl Kling,12,17.0,0,2,8,8.5,-1.5,0.0,16.67,120.0,5.21,0.192
Karl Wendlinger,42,14.0,0,0,11,15.1,-0.39,0.0,0.0,124.0,6.73,0.149
Karun Chandhok,11,0.0,0,0,0,18.18,4.82,0.0,0.0,145.0,3.09,0.324
Kazuki Nakajima,36,9.0,0,0,9,13.08,0.72,0.0,0.0,130.0,3.6,0.278
Kazuyoshi Hoshino,2,0.0,0,0,0,15.0,1.0,0.0,0.0,145.0,5.66,0.177
Keith Andrews,2,0.0,0,0,0,23.0,1.0,0.0,0.0,145.0,4.24,0.236
Keith Greene,7,0.0,0,0,0,22.0,2.67,0.0,0.0,145.0,3.56,0.281
Keke Rosberg,128,159.5,5,17,53,13.36,-1.62,3.91,13.28,63.0,8.36,0.12
Ken Downing,2,0.0,0,0,1,11.0,-2.0,0.0,0.0,145.0,2.83,0.353
Ken Kavanagh,1,0.0,0,0,0,18.0,,0.0,0.0,145.0,,
Ken Miles,1,0.0,0,0,0,20.0,,0.0,0.0,145.0,,
Ken Richardson,1,0.0,0,0,0,22.0,-12.0,0.0,0.0,145.0,,
Ken Wharton,16,3.0,0,0,9,12.62,0.75,0.0,0.0,140.0,6.39,0.156
Kenneth McAlpine,7,0.0,0,0,0,17.71,-3.86,0.0,0.0,145.0,5.88,0.17
Kenny Acheson,9,0.0,0,0,0,24.78,6.0,0.0,0.0,145.0,6.18,0.162
Kevin Cogan,2,0.0,0,0,0,26.5,,0.0,0.0,145.0,2.12,0.472
Kevin Magnussen,186,196.0,0,1,49,13.57,-0.14,0.0,0.54,55.0,4.08,0.245
Kimi Räikkönen,352,1873.0,21,103,232,8.49,-0.76,5.97,29.26,5.0,6.17,0.162
Kunimitsu Takahashi,1,0.0,0,0,1,9.0,13.0,0.0,0.0,145.0,,
Kurt Adolff,1,0.0,0,0,0,28.0,-1.0,0.0,0.0,145.0,,
Kurt Ahrens,2,0.0,0,0,0,16.5,3.5,0.0,0.0,145.0,6.36,0.157
Kurt Kuhnke,2,0.0,0,0,0,28.5,,0.0,0.0,145.0,3.54,0.282
Lamberto Leoni,5,0.0,0,0,0,25.4,-3.0,0.0,0.0,145.0,2.88,0.347
Lance Macklin,15,0.0,0,0,3,16.93,0.77,0.0,0.0,145.0,7.3,0.137
Lance Reventlow,4,0.0,0,0,0,21.25,-1.0,0.0,0.0,145.0,3.5,0.286
Lance Stroll,168,286.0,0,3,60,12.37,1.13,0.0,1.79,37.0,4.35,0.23
Lando Norris,128,950.0,4,26,100,7.85,-0.59,3.12,20.31,16.0,4.98,0.201
Larry Crockett,1,0.0,0,0,1,9.0,16.0,0.0,0.0,145.0,,
Larry Perkins,15,0.0,0,0,1,20.2,1.64,0.0,0.0,145.0,6.18,0.162
Lee Wallard,2,9.0,1,1,2,3.5,9.0,50.0,50.0,130.0,3.54,0.282
Lella Lombardi,17,0.5,0,0,2,19.35,6.46,0.0,0.0,144.0,7.3,0.137
Len Duncan,1,0.0,0,0,0,31.0,-5.0,0.0,0.0,145.0,,
Len Sutton,3,0.0,0,0,0,31.33,-13.33,0.0,0.0,145.0,1.15,0.87
Leo Kinnunen,6,0.0,0,0,0,29.17,3.0,0.0,0.0,145.0,4.26,0.235
Les Leston,3,0.0,0,0,0,19.67,-3.0,0.0,0.0,145.0,4.16,0.24
Leslie Johnson,1,0.0,0,0,0,21.0,-9.0,0.0,0.0,145.0,,
Leslie Marr,2,0.0,0,0,0,16.5,4.0,0.0,0.0,145.0,4.95,0.202
Leslie Thorne,1,0.0,0,0,0,14.0,9.0,0.0,0.0,145.0,,
Lewis Hamilton,356,4820.5,105,202,312,5.02,-0.7,29.49,56.74,1.0,5.55,0.18
Liam Lawson,11,6.0,0,0,3,12.91,0.55,0.0,0.0,136.0,3.27,0.306
Lloyd Ruby,2,0.0,0,0,1,10.5,5.0,0.0,0.0,145.0,4.95,0.202
Logan Sargeant,36,1.0,0,0,1,16.33,0.54,0.0,0.0,143.0,2.96,0.338
Lorenzo Bandini,44,58.0,1,8,27,9.95,-0.69,2.27,18.18,96.0,6.48,0.154
Loris Kessel,6,0.0,0,0,0,23.0,8.33,0.0,0.0,145.0,8.49,0.118
Louis Chiron,17,4.0,0,1,7,14.06,2.4,0.0,5.88,138.0,7.01,0.143
Louis Rosier,39,18.0,0,2,27,10.64,3.67,0.0,5.13,118.0,5.95,0.168
Luca Badoer,58,0.0,0,0,14,15.22,5.43,0.0,0.0,145.0,5.15,0.194
Lucas di Grassi,19,0.0,0,0,0,19.32,2.74,0.0,0.0,145.0,2.89,0.346
Luciano Burti,15,0.0,0,0,4,13.53,3.67,0.0,0.0,145.0,4.5,0.222
Lucien Bianchi,19,6.0,0,1,6,13.89,5.47,0.0,5.26,136.0,5.57,0.18
Ludovico Scarfiotti,13,17.0,1,1,6,11.85,1.6,7.69,7.69,120.0,7.58,0.132
Luigi Fagioli,8,32.0,1,6,6,4.38,-0.75,12.5,75.0,107.0,4.44,0.225
Luigi Musso,26,44.0,1,7,16,8.62,-0.77,3.85,26.92,102.0,5.76,0.174
Luigi Piotti,9,0.0,0,0,3,16.56,2.4,0.0,0.0,145.0,6.78,0.147
Luigi Taramazzo,1,0.0,0,0,0,29.0,,0.0,0.0,145.0,,
Luigi Villoresi,35,49.0,0,8,20,9.89,-2.54,0.0,22.86,99.0,6.74,0.148
Luis Pérez-Sala,32,1.0,0,0,5,17.22,5.23,0.0,0.0,143.0,6.96,0.144
Luiz Bueno,1,0.0,0,0,0,12.0,8.0,0.0,0.0,145.0,,
Luki Botha,1,0.0,0,0,1,8.0,9.0,0.0,0.0,145.0,,
Mack Hellings,2,0.0,0,0,0,22.0,2.5,0.0,0.0,145.0,12.73,0.079
Manfred Winkelhock,55,2.0,0,0,9,17.87,-1.81,0.0,0.0,141.0,6.62,0.151
Manny Ayulo,4,2.0,0,1,1,12.25,2.0,0.0,25.0,141.0,6.99,0.143
Marc Gené,36,5.0,0,0,11,13.56,5.92,0.0,0.0,137.0,4.44,0.225
Marc Surer,88,17.0,0,0,39,13.14,5.1,0.0,0.0,120.0,6.44,0.155
Marcel Balsa,1,0.0,0,0,0,17.0,8.0,0.0,0.0,145.0,,
Marco Apicella,1,0.0,0,0,0,26.0,-3.0,0.0,0.0,145.0,,
Marcus Ericsson,97,18.0,0,0,11,14.96,1.92,0.0,0.0,118.0,3.38,0.296
Maria de Filippis,5,0.0,0,0,2,15.2,7.33,0.0,0.0,145.0,6.3,0.159
Mario Andretti,129,180.0,12,19,55,12.51,-3.89,9.3,14.73,59.0,7.58,0.132
Mark Blundell,63,32.0,0,3,25,13.59,0.08,0.0,4.76,107.0,7.15,0.14
Mark Donohue,15,8.0,0,1,7,13.53,3.47,0.0,6.67,133.0,7.96,0.126
Mark Webber,217,1047.5,9,42,133,9.79,-1.53,4.15,19.35,15.0,6.43,0.156
Markus Winkelhock,1,0.0,0,0,0,17.0,5.0,0.0,0.0,145.0,,
Marshall Teague,4,0.0,0,0,1,15.75,3.0,0.0,0.0,145.0,6.7,0.149
Martin Brundle,165,98.0,0,9,74,12.55,1.86,0.0,5.45,79.0,6.98,0.143
Martin Donnelly,15,0.0,0,0,3,16.6,-0.93,0.0,0.0,145.0,6.76,0.148
Masahiro Hasemi,1,0.0,0,0,0,11.0,-1.0,0.0,0.0,145.0,,
Massimiliano Papis,7,0.0,0,0,1,17.29,0.43,0.0,0.0,145.0,6.24,0.16
Massimo Natili,2,0.0,0,0,0,32.5,-2.0,0.0,0.0,145.0,3.54,0.282
Masten Gregory,46,21.0,0,3,15,13.07,0.64,0.0,6.52,114.0,6.29,0.159
Mauri Rose,2,4.0,0,1,1,8.5,-4.5,0.0,50.0,138.0,7.78,0.129
Maurice Trintignant,87,72.33,2,10,43,11.33,0.47,2.3,11.49,88.0,6.78,0.147
Mauro Baldi,41,5.0,0,0,13,16.41,4.33,0.0,0.0,137.0,7.41,0.135
Maurício Gugelmin,80,10.0,0,1,21,16.06,0.61,0.0,1.25,128.0,6.97,0.143
Max Chilton,35,0.0,0,0,0,17.69,2.4,0.0,0.0,145.0,2.31,0.433
Max Jean,1,0.0,0,0,0,14.0,8.0,0.0,0.0,145.0,,
Max Verstappen,209,2912.5,63,112,172,5.65,-0.61,30.14,53.59,3.0,6.0,0.167
Max de Terra,2,0.0,0,0,1,14.5,5.5,0.0,0.0,145.0,9.19,0.109
Menato Boffa,1,0.0,0,0,0,38.0,,0.0,0.0,145.0,,
Michael Andretti,13,7.0,0,1,5,15.46,-5.69,0.0,7.69,134.0,8.56,0.117
Michael Bartels,4,0.0,0,0,0,28.75,,0.0,0.0,145.0,0.96,1.042
Michael Bleekemolen,5,0.0,0,0,0,27.2,7.0,0.0,0.0,145.0,5.81,0.172
Michael May,4,0.0,0,0,0,23.25,5.5,0.0,0.0,145.0,13.12,0.076
Michael Schumacher,308,1566.0,91,155,227,6.88,-2.01,29.55,50.32,9.0,7.07,0.141
Michel Leclère,8,0.0,0,0,1,14.88,8.14,0.0,0.0,145.0,4.64,0.216
Michele Alboreto,215,186.5,5,23,78,14.42,0.37,2.33,10.7,57.0,8.27,0.121
Mick Schumacher,44,12.0,0,0,2,15.66,0.14,0.0,0.0,126.0,3.06,0.327
Miguel Ángel Guerra,4,0.0,0,0,0,25.75,-2.0,0.0,0.0,145.0,1.5,0.667
Mika Häkkinen,165,420.0,20,51,97,9.88,-2.52,12.12,30.91,28.0,7.86,0.127
Mika Salo,111,33.0,0,2,49,12.09,2.75,0.0,1.8,106.0,5.07,0.197
Mike Beuttler,29,0.0,0,0,6,15.76,5.54,0.0,0.0,145.0,5.45,0.183
Mike Fisher,2,0.0,0,0,0,15.0,-1.5,0.0,0.0,145.0,5.66,0.177
Mike Hailwood,51,29.0,0,2,22,13.31,-0.78,0.0,3.92,110.0,6.76,0.148
Mike Harris,1,0.0,0,0,0,15.0,0.0,0.0,0.0,145.0,,
Mike Hawthorn,48,127.64,3,18,34,7.02,-1.0,6.25,37.5,68.0,5.71,0.175
Mike MacDowel,1,0.0,0,0,1,7.0,8.0,0.0,0.0,145.0,,
Mike Magill,3,0.0,0,0,0,23.67,3.0,0.0,0.0,145.0,6.51,0.154
Mike Nazaruk,3,8.0,0,1,2,9.33,5.33,0.0,33.33,133.0,10.21,0.098
Mike Parkes,7,14.0,0,2,3,11.86,-3.67,0.0,28.57,124.0,9.37,0.107
Mike Sparken,1,0.0,0,0,1,7.0,16.0,0.0,0.0,145.0,,
Mike Spence,36,27.0,0,1,21,9.81,0.08,0.0,2.78,111.0,5.0,0.2
Mike Taylor,2,0.0,0,0,0,21.0,0.5,0.0,0.0,145.0,2.83,0.353
Mike Thackwell,5,0.0,0,0,0,25.4,1.0,0.0,0.0,145.0,1.82,0.549
Mike Wilds,8,0.0,0,0,0,25.12,4.33,0.0,0.0,145.0,6.62,0.151
Mikko Kozarowitzky,2,0.0,0,0,0,33.5,,0.0,0.0,145.0,3.54,0.282
Moisés Solana,8,0.0,0,0,2,14.12,-2.5,0.0,0.0,145.0,3.68,0.272
Myron Fohr,1,0.0,0,0,0,11.0,5.0,0.0,0.0,145.0,,
Mário de Araújo Cabral,5,0.0,0,0,2,14.2,4.75,0.0,0.0,145.0,5.22,0.192
Nanni Galli,17,0.0,0,0,1,17.71,2.69,0.0,0.0,145.0,5.67,0.176
Naoki Hattori,2,0.0,0,0,0,32.0,,0.0,0.0,145.0,0.0,inf
Narain Karthikeyan,48,5.0,0,0,1,18.46,2.2,0.0,0.0,137.0,4.33,0.231
Nasif Estéfano,5,0.0,0,0,0,23.0,6.0,0.0,0.0,145.0,5.74,0.174
Nello Pagani,1,0.0,0,0,1,7.0,8.0,0.0,0.0,145.0,,
Nelson Piquet,207,485.5,23,60,118,10.02,-3.07,11.11,28.99,23.0,8.04,0.124
Nelson Piquet Jr.,28,19.0,0,1,7,13.39,0.29,0.0,3.57,117.0,5.04,0.198
Neville Lederle,3,1.0,0,0,1,16.67,4.0,0.0,0.0,143.0,9.24,0.108
Nicholas Latifi,61,9.0,0,0,3,15.85,1.44,0.0,0.0,130.0,2.8,0.357
Nick Heidfeld,184,259.0,0,13,101,10.72,0.61,0.0,7.07,43.0,5.4,0.185
Nico Hülkenberg,230,563.0,0,0,108,11.93,-1.2,0.0,0.0,21.0,5.03,0.199
Nico Rosberg,206,1594.5,23,57,144,8.25,-1.35,11.17,27.67,7.0,6.25,0.16
Nicola Larini,75,7.0,0,1,12,21.04,2.67,0.0,1.33,134.0,9.06,0.11
Nicolas Kiesa,5,0.0,0,0,0,12.8,6.6,0.0,0.0,145.0,1.92,0.521
Nigel Mansell,192,482.0,31,59,91,11.24,-4.48,16.15,30.73,24.0,8.5,0.118
Niki Lauda,174,420.5,25,54,84,10.91,-2.31,14.37,31.03,27.0,8.21,0.122
Nikita Mazepin,22,0.0,0,0,0,17.86,0.64,0.0,0.0,145.0,1.75,0.571
Nino Farina,37,127.33,5,20,29,5.84,-2.65,13.51,54.05,69.0,5.55,0.18
Nino Vaccarella,5,0.0,0,0,1,15.2,2.25,0.0,0.0,145.0,4.92,0.203
Norberto Fontana,4,0.0,0,0,2,12.0,5.5,0.0,0.0,145.0,3.56,0.281
Noritake Takahara,2,0.0,0,0,1,15.5,6.0,0.0,0.0,145.0,9.19,0.109
Nyck de Vries,11,2.0,0,0,1,15.27,0.3,0.0,0.0,141.0,3.13,0.319
Oliver Bearman,3,7.0,0,0,2,9.67,2.33,0.0,0.0,134.0,2.52,0.397
Olivier Beretta,10,0.0,0,0,3,16.7,5.5,0.0,0.0,145.0,6.95,0.144
Olivier Gendebien,17,18.0,0,2,9,11.88,0.07,0.0,11.76,118.0,9.12,0.11
Olivier Grouillard,62,1.0,0,0,6,21.21,2.51,0.0,0.0,143.0,7.85,0.127
Olivier Panis,158,76.0,1,5,65,11.91,0.27,0.63,3.16,86.0,5.23,0.191
Onofre Marimón,12,8.14,0,2,4,12.83,-3.33,0.0,16.67,132.0,6.26,0.16
Oscar Gálvez,1,2.0,0,0,1,5.0,4.0,0.0,0.0,141.0,,
Oscar Larrauri,21,0.0,0,0,0,27.1,4.25,0.0,0.0,145.0,7.01,0.143
Oscar Piastri,46,347.0,2,10,34,7.89,-0.46,4.35,21.74,32.0,5.2,0.192
Oswald Karch,1,0.0,0,0,0,22.0,12.0,0.0,0.0,145.0,,
Otto Stuppacher,3,0.0,0,0,0,27.67,,0.0,0.0,145.0,1.15,0.87
Ottorino Volonterio,3,0.0,0,0,1,9.67,9.0,0.0,0.0,145.0,2.31,0.433
Pablo Birger,2,0.0,0,0,0,17.5,-6.0,0.0,0.0,145.0,3.54,0.282
Paco Godia,14,6.0,0,0,9,11.21,6.08,0.0,0.0,136.0,7.18,0.139
Paddy Driver,2,0.0,0,0,0,23.0,1.0,0.0,0.0,145.0,2.83,0.353
Paolo Barilla,15,0.0,0,0,1,21.0,4.0,0.0,0.0,145.0,7.45,0.134
Pascal Fabre,12,0.0,0,0,3,15.08,11.0,0.0,0.0,145.0,6.27,0.159
Pascal Wehrlein,39,6.0,0,0,3,16.13,1.26,0.0,0.0,136.0,3.43,0.292
Pastor Maldonado,96,76.0,1,1,14,15.01,-0.84,1.04,1.04,86.0,4.61,0.217
Pat Flaherty,6,8.0,1,1,3,15.0,0.67,16.67,16.67,133.0,9.8,0.102
Pat O'Connor,5,0.0,0,0,2,16.8,-8.8,0.0,0.0,145.0,8.98,0.111
Patrick Depailler,95,141.0,2,19,49,11.11,-1.79,2.11,20.0,64.0,7.35,0.136
Patrick Friesacher,11,3.0,0,0,1,16.0,1.82,0.0,0.0,140.0,3.9,0.256
Patrick Gaillard,5,0.0,0,0,0,20.2,11.0,0.0,0.0,145.0,7.05,0.142
Patrick Nève,13,0.0,0,0,4,16.15,9.4,0.0,0.0,145.0,6.59,0.152
Patrick Tambay,122,103.0,2,11,52,13.3,-1.8,1.64,9.02,77.0,7.78,0.129
Paul Belmondo,27,0.0,0,0,1,24.33,7.12,0.0,0.0,145.0,6.63,0.151
Paul Emery,2,0.0,0,0,0,23.0,-2.0,0.0,0.0,145.0,2.83,0.353
Paul England,1,0.0,0,0,0,22.0,1.0,0.0,0.0,145.0,,
Paul Frère,11,11.0,0,1,7,10.91,0.27,0.0,9.09,127.0,7.15,0.14
Paul Goldsmith,3,6.0,0,1,2,12.67,6.67,0.0,33.33,136.0,15.04,0.066
Paul Hawkins,3,0.0,0,0,2,12.0,4.67,0.0,0.0,145.0,4.36,0.229
Paul Pietsch,3,0.0,0,0,0,22.0,-8.33,0.0,0.0,145.0,5.29,0.189
Paul Russo,9,8.5,0,1,6,12.44,2.11,0.0,11.11,131.0,10.64,0.094
Paul di Resta,59,121.0,0,0,26,11.85,0.27,0.0,0.0,73.0,4.91,0.204
Pedro Chaves,13,0.0,0,0,0,33.62,,0.0,0.0,145.0,0.65,1.538
Pedro Diniz,99,10.0,0,0,27,14.57,2.71,0.0,0.0,128.0,5.45,0.183
Pedro Lamy,32,1.0,0,0,10,13.47,5.34,0.0,0.0,143.0,4.87,0.205
Pedro Rodríguez,54,71.0,2,7,33,9.06,1.43,3.7,12.96,89.0,5.07,0.197
Pedro de la Rosa,107,35.0,0,1,21,15.35,1.01,0.0,0.93,105.0,5.42,0.185
Perry McCarthy,7,0.0,0,0,0,31.43,,0.0,0.0,145.0,1.13,0.885
Pete Lovely,11,0.0,0,0,3,16.73,7.86,0.0,0.0,145.0,6.72,0.149
Peter Arundell,15,12.0,0,2,8,11.47,3.82,0.0,13.33,126.0,6.5,0.154
Peter Ashdown,1,0.0,0,0,0,12.0,11.0,0.0,0.0,145.0,,
Peter Broeker,1,0.0,0,0,1,7.0,14.0,0.0,0.0,145.0,,
Peter Collins,37,47.0,3,9,17,11.08,-1.34,8.11,24.32,100.0,7.5,0.133
Peter Gethin,30,11.0,1,1,9,15.47,0.77,3.33,3.33,127.0,6.56,0.152
Peter Hirt,5,0.0,0,0,1,17.2,1.4,0.0,0.0,145.0,8.96,0.112
Peter Monteverdi,1,0.0,0,0,0,30.0,,0.0,0.0,145.0,,
Peter Revson,31,61.0,2,8,18,10.13,-1.7,6.45,25.81,94.0,7.93,0.126
Peter Ryan,1,0.0,0,0,1,9.0,4.0,0.0,0.0,145.0,,
Peter Walker,4,0.0,0,0,1,15.5,-2.25,0.0,0.0,145.0,5.92,0.169
Peter Westbury,1,0.0,0,0,0,25.0,,0.0,0.0,145.0,,
Peter Whitehead,12,4.0,0,1,5,15.67,2.27,0.0,8.33,138.0,8.37,0.119
Peter de Klerk,4,0.0,0,0,2,11.25,6.25,0.0,0.0,145.0,2.63,0.38
Phil Cade,1,0.0,0,0,0,19.0,,0.0,0.0,145.0,,
Phil Hill,52,98.0,3,16,30,9.29,0.9,5.77,30.77,79.0,6.72,0.149
Philip Fotheringham-Parker,1,0.0,0,0,0,17.0,-1.0,0.0,0.0,145.0,,
Philippe Adams,2,0.0,0,0,0,18.5,7.0,0.0,0.0,145.0,3.54,0.282
Philippe Alliot,115,7.0,0,0,26,16.55,2.14,0.0,0.0,134.0,6.44,0.155
Philippe Streiff,54,11.0,0,1,22,13.72,4.48,0.0,1.85,127.0,6.59,0.152
Philippe Étancelin,12,3.0,0,0,7,10.42,0.75,0.0,0.0,140.0,4.1,0.244
Piercarlo Ghinzani,111,2.0,0,0,9,21.62,3.95,0.0,0.0,141.0,7.58,0.132
Pierluigi Martini,123,18.0,0,0,38,15.6,1.18,0.0,0.0,118.0,6.9,0.145
Piero Carini,3,0.0,0,0,0,24.33,-2.33,0.0,0.0,145.0,4.51,0.222
Piero Drogo,1,0.0,0,0,1,8.0,7.0,0.0,0.0,145.0,,
Piero Dusio,1,0.0,0,0,0,34.0,,0.0,0.0,145.0,,
Piero Scotti,1,0.0,0,0,0,13.0,-1.0,0.0,0.0,145.0,,
Piero Taruffi,18,41.0,1,5,12,7.67,-1.06,5.56,27.78,103.0,5.65,0.177
Pierre Gasly,154,426.0,1,5,70,11.26,-0.06,0.65,3.25,26.0,4.69,0.213
Pierre Levegh,6,0.0,0,0,4,10.17,5.0,0.0,0.0,145.0,3.06,0.327
Pierre-Henri Raphanel,17,0.0,0,0,0,32.71,-5.0,0.0,0.0,145.0,4.69,0.213
Piers Courage,29,20.0,0,2,16,10.76,1.32,0.0,6.9,115.0,4.98,0.201
Pietro Fittipaldi,2,0.0,0,0,0,18.0,0.5,0.0,0.0,145.0,1.41,0.709
Prince Bira,19,8.0,0,0,9,12.05,1.05,0.0,0.0,133.0,6.7,0.149
Ralf Schumacher,180,329.0,6,27,107,9.87,-2.04,3.33,15.0,33.0,6.22,0.161
Ralph Firman,14,1.0,0,0,2,14.21,2.79,0.0,0.0,143.0,3.7,0.27
Raul Boesel,30,0.0,0,0,6,18.33,7.39,0.0,0.0,145.0,7.27,0.138
Ray Crawford,3,0.0,0,0,0,25.0,-1.0,0.0,0.0,145.0,3.46,0.289
Ray Reed,1,0.0,0,0,0,29.0,,0.0,0.0,145.0,,
Raymond Sommer,5,3.0,0,0,2,11.6,-1.4,0.0,0.0,140.0,5.03,0.199
Red Amick,2,0.0,0,0,0,21.0,3.0,0.0,0.0,145.0,14.14,0.071
Reg Parnell,7,9.0,0,1,4,10.86,-0.57,0.0,14.29,130.0,8.3,0.12
Reine Wisell,23,13.0,0,1,8,14.17,-0.87,0.0,4.35,125.0,7.48,0.134
Renato Pirocchi,2,0.0,0,0,0,21.5,17.0,0.0,0.0,145.0,13.44,0.074
Renzo Zorzi,7,1.0,0,0,2,15.43,4.86,0.0,0.0,143.0,6.0,0.167
René Arnoux,164,181.0,7,22,69,13.66,-1.66,4.27,13.41,58.0,8.23,0.122
Ricardo Londoño,1,0.0,0,0,0,30.0,,0.0,0.0,145.0,,
Ricardo Rodríguez,6,4.0,0,0,3,12.17,-2.0,0.0,0.0,138.0,6.82,0.147
Ricardo Rosset,30,0.0,0,0,4,15.27,5.0,0.0,0.0,145.0,4.81,0.208
Ricardo Zonta,38,3.0,0,0,12,13.39,1.62,0.0,0.0,140.0,4.69,0.213
Ricardo Zunino,11,0.0,0,0,4,15.27,4.4,0.0,0.0,145.0,7.21,0.139
Riccardo Paletti,8,0.0,0,0,1,25.88,-0.67,0.0,0.0,145.0,6.75,0.148
Riccardo Patrese,257,281.0,6,37,110,12.73,-3.45,2.33,14.4,38.0,7.35,0.136
Richard Attwood,17,11.0,0,1,8,10.94,3.65,0.0,5.88,127.0,5.49,0.182
Richard Robarts,4,0.0,0,0,0,18.75,7.0,0.0,0.0,145.0,5.56,0.18
Richie Ginther,54,107.0,1,14,37,7.96,-0.28,1.85,25.93,75.0,5.69,0.176
Rikky von Opel,13,0.0,0,0,2,19.46,3.36,0.0,0.0,145.0,6.65,0.15
Rio Haryanto,12,0.0,0,0,0,18.67,1.17,0.0,0.0,145.0,2.15,0.465
Rob Schroeder,1,0.0,0,0,1,10.0,7.0,0.0,0.0,145.0,,
Rob Slotemaker,1,0.0,0,0,0,21.0,,0.0,0.0,145.0,,
Robert Doornbos,11,0.0,0,0,0,14.82,2.55,0.0,0.0,145.0,2.6,0.385
Robert Kubica,99,274.0,1,12,53,10.65,-0.56,1.01,12.12,41.0,6.06,0.165
Robert La Caze,1,0.0,0,0,0,14.0,9.0,0.0,0.0,145.0,,
Robert Manzon,29,16.0,0,2,12,13.66,-2.21,0.0,6.9,121.0,7.29,0.137
Robert O'Brien,1,0.0,0,0,0,14.0,8.0,0.0,0.0,145.0,,
Roberto Bonomi,1,0.0,0,0,0,11.0,6.0,0.0,0.0,145.0,,
Roberto Bussinello,4,0.0,0,0,0,21.25,1.5,0.0,0.0,145.0,6.65,0.15
Roberto Guerrero,29,0.0,0,0,1,20.48,0.5,0.0,0.0,145.0,6.21,0.161
Roberto Lippi,3,0.0,0,0,0,29.0,1.0,0.0,0.0,145.0,1.73,0.578
Roberto Merhi,13,0.0,0,0,0,15.69,2.54,0.0,0.0,145.0,2.02,0.495
Roberto Mieres,17,13.0,0,0,8,10.29,3.06,0.0,0.0,125.0,5.83,0.172
Roberto Moreno,74,15.0,0,1,11,22.04,2.93,0.0,1.35,123.0,9.49,0.105
Robin Montgomerie-Charrington,1,0.0,0,0,0,16.0,-1.0,0.0,0.0,145.0,,
Robin Widdows,1,0.0,0,0,0,13.0,5.0,0.0,0.0,145.0,,
Rodger Ward,12,14.0,1,2,4,16.75,-0.25,8.33,16.67,124.0,9.91,0.101
Rodney Nuckey,2,0.0,0,0,0,21.5,3.0,0.0,0.0,145.0,14.85,0.067
Roelof Wunderink,6,0.0,0,0,0,20.5,7.33,0.0,0.0,145.0,6.02,0.166
Roger Laurent,2,0.0,0,0,1,9.0,9.5,0.0,0.0,145.0,4.24,0.236
Roger Loyer,1,0.0,0,0,0,14.0,2.0,0.0,0.0,145.0,,
Roger Penske,2,0.0,0,0,2,8.5,6.0,0.0,0.0,145.0,0.71,1.408
Roger Williamson,2,0.0,0,0,0,22.5,-2.5,0.0,0.0,145.0,3.54,0.282
Roland Ratzenberger,3,0.0,0,0,0,21.33,7.5,0.0,0.0,145.0,8.96,0.112
Rolf Stommelen,61,14.0,0,1,17,14.72,4.26,0.0,1.64,124.0,6.97,0.143
Romain Grosjean,181,391.0,0,10,59,13.14,-1.29,0.0,5.52,29.0,5.38,0.186
Ron Flockhart,15,5.0,0,1,6,14.6,0.77,0.0,6.67,137.0,7.98,0.125
Ronnie Bucknum,11,2.0,0,0,3,13.27,0.09,0.0,0.0,141.0,4.43,0.226
Ronnie Peterson,123,206.0,10,26,61,11.36,-2.93,8.13,21.14,52.0,7.56,0.132
Roy Salvadori,51,19.0,0,2,20,13.16,-0.11,0.0,3.92,117.0,6.44,0.155
Rubens Barrichello,326,658.0,11,68,173,10.33,-1.37,3.37,20.86,19.0,6.54,0.153
Rudi Fischer,7,10.0,0,2,3,9.86,1.14,0.0,28.57,128.0,7.17,0.139
Rudolf Krause,2,0.0,0,0,0,17.0,7.5,0.0,0.0,145.0,4.24,0.236
Rudolf Schoeller,1,0.0,0,0,0,21.0,3.0,0.0,0.0,145.0,,
Rupert Keegan,37,0.0,0,0,5,19.14,5.0,0.0,0.0,145.0,6.99,0.143
Sakon Yamamoto,21,0.0,0,0,0,18.52,3.19,0.0,0.0,145.0,2.58,0.388
Sam Hanks,9,20.0,1,4,4,11.22,2.11,11.11,44.44,115.0,10.1,0.099
Sam Posey,2,0.0,0,0,0,18.5,1.0,0.0,0.0,145.0,9.19,0.109
Sam Tingle,6,0.0,0,0,2,14.33,5.0,0.0,0.0,145.0,5.43,0.184
Satoru Nakajima,80,16.0,0,0,27,15.82,0.11,0.0,0.0,121.0,7.5,0.133
Scott Speed,28,0.0,0,0,4,15.07,1.64,0.0,0.0,145.0,4.07,0.246
Sebastian Vettel,300,3098.0,53,122,220,7.09,-0.72,17.67,40.67,2.0,6.41,0.156
Sergey Sirotkin,21,1.0,0,0,1,15.52,0.76,0.0,0.0,143.0,2.66,0.376
Sergio Mantovani,9,4.0,0,0,8,8.89,5.62,0.0,0.0,138.0,5.18,0.193
Sergio Pérez,283,1585.0,6,39,186,9.33,0.53,2.12,13.78,8.0,5.47,0.183
Shinji Nakano,33,2.0,0,0,9,13.64,4.48,0.0,0.0,141.0,4.79,0.209
Shorty Templeman,3,0.0,0,0,0,18.0,6.33,0.0,0.0,145.0,1.0,1.0
Siegfried Stohr,13,0.0,0,0,2,19.85,3.0,0.0,0.0,145.0,6.89,0.145
Silvio Moser,18,3.0,0,0,3,16.11,3.58,0.0,0.0,140.0,6.76,0.148
Skip Barber,6,0.0,0,0,0,18.5,5.2,0.0,0.0,145.0,3.08,0.325
Slim Borgudd,15,1.0,0,0,4,17.6,9.7,0.0,0.0,143.0,7.83,0.128
Stefan Bellof,22,4.0,0,0,7,14.32,8.5,0.0,0.0,138.0,6.65,0.15
Stefan Johansson,103,88.0,0,12,39,16.04,2.63,0.0,11.65,81.0,10.01,0.1
Stefano Modena,81,17.0,0,2,13,17.27,-0.31,0.0,2.47,120.0,7.28,0.137
Stephen South,1,0.0,0,0,0,27.0,,0.0,0.0,145.0,,
Stirling Moss,73,186.5,16,24,39,9.07,-3.89,21.92,32.88,57.0,6.79,0.147
Stoffel Vandoorne,42,26.0,0,0,8,13.19,2.0,0.0,0.0,112.0,3.26,0.307
Stuart Lewis-Evans,14,16.0,0,2,7,10.0,-3.36,0.0,14.29,121.0,5.74,0.174
Stéphane Sarrazin,1,0.0,0,0,0,16.0,2.0,0.0,0.0,145.0,,
Syd van der Vyver,1,0.0,0,0,0,19.0,,0.0,0.0,145.0,,
Sébastien Bourdais,27,6.0,0,0,7,14.15,0.67,0.0,0.0,136.0,4.52,0.221
Sébastien Buemi,55,29.0,0,0,15,14.33,0.2,0.0,0.0,110.0,4.79,0.209
Taki Inoue,18,0.0,0,0,2,17.72,2.67,0.0,0.0,145.0,5.29,0.189
Takuma Sato,91,44.0,0,1,23,13.46,1.09,0.0,1.1,102.0,4.61,0.217
Tarso Marques,26,0.0,0,0,3,16.08,5.5,0.0,0.0,145.0,4.3,0.233
Ted Whiteaway,1,0.0,0,0,0,22.0,,0.0,0.0,145.0,,
Teddy Pilette,4,0.0,0,0,0,27.5,10.0,0.0,0.0,145.0,7.19,0.139
Teo Fabi,71,23.0,0,2,17,16.42,-4.08,0.0,2.82,113.0,7.41,0.135
Theo Fitzau,1,0.0,0,0,0,27.0,-6.0,0.0,0.0,145.0,,
Theo Helfrich,3,0.0,0,0,0,17.67,4.67,0.0,0.0,145.0,8.14,0.123
Thierry Boutsen,164,132.0,3,15,80,11.94,0.66,1.83,9.15,67.0,6.75,0.148
Thomas Monarch,1,0.0,0,0,0,25.0,,0.0,0.0,145.0,,
Tiago Monteiro,37,7.0,0,1,5,14.43,3.24,0.0,2.7,134.0,3.83,0.261
Tiff Needell,2,0.0,0,0,0,23.0,3.0,0.0,0.0,145.0,4.24,0.236
Tim Parnell,4,0.0,0,0,1,22.75,10.0,0.0,0.0,145.0,8.77,0.114
Tim Schenken,36,7.0,0,1,9,16.36,0.74,0.0,2.78,134.0,7.13,0.14
Timmy Mayer,1,0.0,0,0,0,16.0,-4.0,0.0,0.0,145.0,,
Timo Glock,95,51.0,0,3,22,15.23,2.04,0.0,3.16,98.0,5.7,0.175
Tom Belsø,4,0.0,0,0,1,22.5,6.5,0.0,0.0,145.0,9.68,0.103
Tom Bridger,1,0.0,0,0,0,19.0,3.0,0.0,0.0,145.0,,
Tom Jones,1,0.0,0,0,0,18.0,,0.0,0.0,145.0,,
Tom Pryce,42,19.0,0,2,22,11.95,-0.33,0.0,4.76,117.0,6.36,0.157
Tommy Byrne,5,0.0,0,0,0,22.6,12.0,0.0,0.0,145.0,8.05,0.124
Tomáš Enge,3,0.0,0,0,0,15.0,5.0,0.0,0.0,145.0,3.61,0.277
Toni Branca,3,0.0,0,0,1,14.0,1.0,0.0,0.0,145.0,6.08,0.164
Toni Ulmen,2,0.0,0,0,1,13.5,2.0,0.0,0.0,145.0,7.78,0.129
Tony Bettenhausen,13,11.0,0,1,6,14.77,-2.31,0.0,7.69,127.0,10.12,0.099
Tony Brise,10,1.0,0,0,4,13.1,-0.1,0.0,0.0,143.0,6.12,0.163
Tony Brooks,41,75.0,6,10,20,10.85,-4.4,14.63,24.39,87.0,7.42,0.135
Tony Crook,2,0.0,0,0,0,24.0,1.0,0.0,0.0,145.0,4.24,0.236
Tony Gaze,4,0.0,0,0,0,21.75,-0.33,0.0,0.0,145.0,7.89,0.127
Tony Maggs,27,26.0,0,3,15,9.93,3.88,0.0,11.11,112.0,5.73,0.175
Tony Marsh,9,0.0,0,0,1,19.89,5.25,0.0,0.0,145.0,6.64,0.151
Tony Rolt,3,0.0,0,0,0,17.0,-5.67,0.0,0.0,145.0,4.36,0.229
Tony Settember,10,0.0,0,0,1,18.0,4.17,0.0,0.0,145.0,5.06,0.198
Tony Shelly,3,0.0,0,0,0,23.33,-3.0,0.0,0.0,145.0,3.21,0.312
Tony Trimmer,6,0.0,0,0,0,28.83,,0.0,0.0,145.0,2.99,0.334
Toranosuke Takagi,32,0.0,0,0,4,15.31,3.44,0.0,0.0,145.0,4.26,0.235
Torsten Palm,2,0.0,0,0,1,17.0,11.0,0.0,0.0,145.0,9.9,0.101
Toshio Suzuki,2,0.0,0,0,0,13.0,10.5,0.0,0.0,145.0,1.41,0.709
Toulo de Graffenried,23,9.0,0,0,11,12.22,1.32,0.0,0.0,130.0,7.03,0.142
Travis Webb,4,0.0,0,0,0,22.75,-0.25,0.0,0.0,145.0,4.99,0.2
Trevor Blokdyk,2,0.0,0,0,0,16.5,7.0,0.0,0.0,145.0,6.36,0.157
Trevor Taylor,29,8.0,0,1,9,14.45,-1.0,0.0,3.45,133.0,6.37,0.157
Troy Ruttman,9,9.5,1,1,3,17.89,-6.12,11.11,11.11,129.0,11.12,0.09
Ukyo Katayama,97,5.0,0,0,17,16.31,1.21,0.0,0.0,137.0,5.54,0.181
Umberto Maglioli,10,3.33,0,2,6,10.4,1.9,0.0,20.0,139.0,6.48,0.154
Valtteri Bottas,247,1788.0,10,67,145,8.97,-0.91,4.05,27.13,6.0,6.0,0.167
Vern Schuppan,12,0.0,0,0,1,17.92,7.11,0.0,0.0,145.0,6.97,0.143
Vic Elford,13,8.0,0,0,7,10.38,3.08,0.0,0.0,133.0,5.38,0.186
Vic Wilson,2,0.0,0,0,0,16.5,1.0,0.0,0.0,145.0,2.12,0.472
Vincenzo Sospiri,1,0.0,0,0,0,23.0,0.0,0.0,0.0,145.0,,
Vitaly Petrov,58,64.0,0,1,13,14.36,0.24,0.0,1.72,93.0,4.81,0.208
Vitantonio Liuzzi,81,26.0,0,0,14,15.91,0.94,0.0,0.0,112.0,5.02,0.199
Vittorio Brambilla,78,15.5,1,1,25,15.23,-1.32,1.28,1.28,122.0,6.88,0.145
Volker Weidler,10,0.0,0,0,0,34.7,,0.0,0.0,145.0,3.27,0.306
Walt Ader,1,0.0,0,0,0,22.0,7.0,0.0,0.0,145.0,,
Walt Brown,2,0.0,0,0,0,22.5,-6.0,0.0,0.0,145.0,4.95,0.202
Walt Faulkner,5,1.0,0,0,2,11.2,-3.0,0.0,0.0,143.0,5.12,0.195
Walt Hansgen,4,2.0,0,0,1,17.0,4.0,0.0,0.0,141.0,8.29,0.121
Warwick Brown,1,0.0,0,0,0,14.0,9.0,0.0,0.0,145.0,,
Wayne Weiler,1,0.0,0,0,0,24.0,-9.0,0.0,0.0,145.0,,
Will Stevens,19,0.0,0,0,0,16.63,1.28,0.0,0.0,145.0,1.86,0.538
Willi Heeks,2,0.0,0,0,0,18.5,-5.0,0.0,0.0,145.0,6.36,0.157
Willy Mairesse,12,7.0,0,1,4,13.08,-3.42,0.0,8.33,134.0,6.2,0.161
Wilson Fittipaldi,38,3.0,0,0,8,16.03,2.57,0.0,0.0,140.0,6.27,0.159
Wolfgang Seidel,13,0.0,0,0,1,20.08,2.7,0.0,0.0,145.0,6.24,0.16
Wolfgang von Trips,28,56.0,2,6,22,8.18,0.22,7.14,21.43,97.0,6.9,0.145
Yannick Dalmas,50,0.0,0,0,7,23.52,7.04,0.0,0.0,145.0,9.77,0.102
Yuji Ide,4,0.0,0,0,0,17.25,3.5,0.0,0.0,145.0,3.1,0.323
Yuki Tsunoda,90,87.0,0,0,26,13.52,-0.72,0.0,0.0,82.0,4.13,0.242
Yves Cabantous,13,5.0,0,0,6,11.54,0.46,0.0,0.0,137.0,4.88,0.205
Zsolt Baumgartner,20,1.0,0,0,3,15.3,3.45,0.0,0.0,143.0,3.42,0.292
Élie Bayol,7,2.0,0,0,2,15.86,-2.29,0.0,0.0,141.0,8.36,0.12
Éric Bernard,47,10.0,0,1,16,15.45,2.89,0.0,2.13,128.0,7.03,0.142
Érik Comas,63,7.0,0,0,25,14.76,4.25,0.0,0.0,134.0,6.89,0.145
Óscar González,1,0.0,0,0,1,6.0,7.0,0.0,0.0,145.0,,
