year,driver_name,season_points,season_wins,season_podiums
1950,Alberto Ascari,11.0,0,2
1950,Alfredo Pián,0.0,0,0
1950,Bayliss Levrett,0.0,0,0
1950,Bill Cantrell,0.0,0,0
1950,Bill Holland,6.0,0,1
1950,Bill Schindler,0.0,0,0
1950,Bob Gerard,0.0,0,0
1950,Brian Shawe Taylor,0.0,0,0
1950,Cecil Green,3.0,0,0
1950,Charles Pozzi,0.0,0,0
1950,Clemente Biondetti,0.0,0,0
1950,Consalvo Sanesi,0.0,0,0
1950,Cuth Harrison,0.0,0,0
1950,David Hampshire,0.0,0,0
1950,David Murray,0.0,0,0
1950,Dick Rathmann,0.0,0,0
1950,Dorino Serafini,3.0,0,1
1950,Duane Carter,0.0,0,0
1950,Duke Dinsmore,0.0,0,0
1950,Eugène Chaboud,1.0,0,0
1950,Eugène Martin,0.0,0,0
1950,Felice Bonetto,2.0,0,0
1950,Franco Comotti,0.0,0,0
1950,Franco Rol,0.0,0,0
1950,Fred Agabashian,0.0,0,0
1950,Gene Hartley,0.0,0,0
1950,Geoff Crossley,0.0,0,0
1950,George Connor,0.0,0,0
1950,Guy Mairesse,0.0,0,0
1950,Harry Schell,0.0,0,0
1950,Henri Louveau,0.0,0,0
1950,Henry Banks,0.0,0,0
1950,Jack McGrath,0.0,0,0
1950,Jackie Holmes,0.0,0,0
1950,Jerry Hoyt,0.0,0,0
1950,Jim Rathmann,0.0,0,0
1950,Jimmy Davies,0.0,0,0
1950,Jimmy Jackson,0.0,0,0
1950,Joe Fry,0.0,0,0
1950,Joe Kelly,0.0,0,0
1950,Johnnie Parsons,9.0,1,1
1950,Johnny Claes,0.0,0,0
1950,Johnny McDowell,0.0,0,0
1950,Joie Chitwood,1.0,0,0
1950,José Froilán González,0.0,0,0
1950,Juan Fangio,27.0,3,3
1950,Lee Wallard,0.0,0,0
1950,Leslie Johnson,0.0,0,0
1950,Louis Chiron,4.0,0,1
1950,Louis Rosier,13.0,0,2
1950,Luigi Fagioli,28.0,0,5
1950,Luigi Villoresi,0.0,0,0
1950,Mack Hellings,0.0,0,0
1950,Mauri Rose,4.0,0,1
1950,Maurice Trintignant,0.0,0,0
1950,Myron Fohr,0.0,0,0
1950,Nello Pagani,0.0,0,0
1950,Nino Farina,30.0,3,3
1950,Pat Flaherty,0.0,0,0
1950,Paul Pietsch,0.0,0,0
1950,Paul Russo,0.0,0,0
1950,Peter Walker,0.0,0,0
1950,Peter Whitehead,4.0,0,1
1950,Philippe Étancelin,3.0,0,0
1950,Piero Taruffi,0.0,0,0
1950,Pierre Levegh,0.0,0,0
1950,Prince Bira,5.0,0,0
1950,Raymond Sommer,3.0,0,0
1950,Reg Parnell,4.0,0,1
1950,Robert Manzon,3.0,0,0
1950,Sam Hanks,0.0,0,0
1950,Toni Branca,0.0,0,0
1950,Tony Bettenhausen,1.0,0,0
1950,Tony Rolt,0.0,0,0
1950,Toulo de Graffenried,0.0,0,0
1950,Travis Webb,0.0,0,0
1950,Troy Ruttman,0.0,0,0
1950,Walt Ader,0.0,0,0
1950,Walt Brown,0.0,0,0
1950,Walt Faulkner,0.0,0,0
1950,Yves Cabantous,3.0,0,0
1951,Alberto Ascari,28.0,2,4
1951,Aldo Gordini,0.0,0,0
1951,André Pilette,0.0,0,0
1951,André Simon,0.0,0,0
1951,Andy Linden,3.0,0,0
1951,Bill Mackey,0.0,0,0
1951,Bill Schindler,0.0,0,0
1951,Bill Vukovich,0.0,0,0
1951,Bob Gerard,0.0,0,0
1951,Bobby Ball,2.0,0,0
1951,Brian Shawe Taylor,0.0,0,0
1951,Carl Forberg,0.0,0,0
1951,Carl Scarborough,0.0,0,0
1951,Cecil Green,0.0,0,0
1951,Chet Miller,0.0,0,0
1951,Chico Landi,0.0,0,0
1951,Chuck Stevenson,0.0,0,0
1951,Cliff Griffith,0.0,0,0
1951,Consalvo Sanesi,3.0,0,0
1951,David Murray,0.0,0,0
1951,Duane Carter,0.0,0,0
1951,Duke Dinsmore,0.0,0,0
1951,Duke Nalon,0.0,0,0
1951,Duncan Hamilton,0.0,0,0
1951,Eugène Chaboud,0.0,0,0
1951,Felice Bonetto,7.0,0,1
1951,Franco Rol,0.0,0,0
1951,Fred Agabashian,0.0,0,0
1951,Gene Force,0.0,0,0
1951,George Abecassis,0.0,0,0
1951,George Connor,0.0,0,0
1951,Georges Grignard,0.0,0,0
1951,Guy Mairesse,0.0,0,0
1951,Harry Schell,0.0,0,0
1951,Henri Louveau,0.0,0,0
1951,Henry Banks,0.0,0,0
1951,Jack McGrath,2.0,0,1
1951,Jacques Swaters,0.0,0,0
1951,Jimmy Davies,0.0,0,0
1951,Joe James,0.0,0,0
1951,Joe Kelly,0.0,0,0
1951,John James,0.0,0,0
1951,Johnnie Parsons,0.0,0,0
1951,Johnny Claes,0.0,0,0
1951,Johnny McDowell,0.0,0,0
1951,José Froilán González,27.0,1,5
1951,Juan Fangio,37.0,3,5
1951,Juan Jover,0.0,0,0
1951,Ken Richardson,0.0,0,0
1951,Lee Wallard,9.0,1,1
1951,Louis Chiron,0.0,0,0
1951,Louis Rosier,3.0,0,0
1951,Luigi Fagioli,4.0,1,1
1951,Luigi Villoresi,18.0,0,3
1951,Mack Hellings,0.0,0,0
1951,Manny Ayulo,2.0,0,1
1951,Mauri Rose,0.0,0,0
1951,Maurice Trintignant,0.0,0,0
1951,Mike Nazaruk,6.0,0,1
1951,Nino Farina,22.0,1,4
1951,Onofre Marimón,0.0,0,0
1951,Paco Godia,0.0,0,0
1951,Paul Pietsch,0.0,0,0
1951,Peter Hirt,0.0,0,0
1951,Peter Walker,0.0,0,0
1951,Peter Whitehead,0.0,0,0
1951,Philip Fotheringham-Parker,0.0,0,0
1951,Philippe Étancelin,0.0,0,0
1951,Piero Taruffi,10.0,0,1
1951,Pierre Levegh,0.0,0,0
1951,Prince Bira,0.0,0,0
1951,Reg Parnell,5.0,0,0
1951,Robert Manzon,0.0,0,0
1951,Rodger Ward,0.0,0,0
1951,Rudi Fischer,0.0,0,0
1951,Sam Hanks,0.0,0,0
1951,Stirling Moss,0.0,0,0
1951,Toni Branca,0.0,0,0
1951,Tony Bettenhausen,0.0,0,0
1951,Toulo de Graffenried,2.0,0,0
1951,Troy Ruttman,0.0,0,0
1951,Walt Brown,0.0,0,0
1951,Walt Faulkner,0.0,0,0
1951,Yves Cabantous,2.0,0,0
1952,Adolf Brudes,0.0,0,0
1952,Alan Brown,2.0,0,0
1952,Alberto Ascari,53.5,6,6
1952,Alberto Crespo,0.0,0,0
1952,André Simon,0.0,0,0
1952,Andy Linden,0.0,0,0
1952,Art Cross,2.0,0,0
1952,Arthur Legat,0.0,0,0
1952,Bill Aston,0.0,0,0
1952,Bill Schindler,0.0,0,0
1952,Bill Vukovich,1.0,0,0
1952,Bob Scott,0.0,0,0
1952,Bob Sweikert,0.0,0,0
1952,Bobby Ball,0.0,0,0
1952,Charles de Tornaco,0.0,0,0
1952,Chet Miller,0.0,0,0
1952,Chico Landi,0.0,0,0
1952,Chuck Stevenson,0.0,0,0
1952,Cliff Griffith,0.0,0,0
1952,David Murray,0.0,0,0
1952,Dennis Poore,3.0,0,0
1952,Dries van der Lof,0.0,0,0
1952,Duane Carter,3.0,0,0
1952,Duke Nalon,0.0,0,0
1952,Duncan Hamilton,0.0,0,0
1952,Eddie Johnson,0.0,0,0
1952,Eitel Cantoni,0.0,0,0
1952,Eric Brandon,0.0,0,0
1952,Eric Thompson,2.0,0,0
1952,Ernst Klodwig,0.0,0,0
1952,Felice Bonetto,2.0,0,0
1952,Franco Comotti,0.0,0,0
1952,Franco Rol,0.0,0,0
1952,Fred Agabashian,0.0,0,0
1952,Fritz Riess,0.0,0,0
1952,Gene Hartley,0.0,0,0
1952,George Abecassis,0.0,0,0
1952,George Connor,0.0,0,0
1952,George Fonder,0.0,0,0
1952,Gino Bianco,0.0,0,0
1952,Graham Whitehead,0.0,0,0
1952,Günther Bechem,0.0,0,0
1952,Hans Klenk,0.0,0,0
1952,Hans von Stuck,0.0,0,0
1952,Harry Schell,0.0,0,0
1952,Helmut Niedermayr,0.0,0,0
1952,Henry Banks,0.0,0,0
1952,Jack McGrath,0.0,0,0
1952,Jan Flinterman,0.0,0,0
1952,Jean Behra,6.0,0,1
1952,Jim Rathmann,6.0,0,1
1952,Jim Rigsby,0.0,0,0
1952,Jimmy Bryan,0.0,0,0
1952,Jimmy Reece,0.0,0,0
1952,Joe James,0.0,0,0
1952,Johnnie Parsons,0.0,0,0
1952,Johnny Claes,0.0,0,0
1952,Johnny McDowell,0.0,0,0
1952,Josef Peters,0.0,0,0
1952,José Froilán González,6.5,0,1
1952,Ken Downing,0.0,0,0
1952,Ken Wharton,3.0,0,0
1952,Kenneth McAlpine,0.0,0,0
1952,Lance Macklin,0.0,0,0
1952,Louis Rosier,0.0,0,0
1952,Luigi Villoresi,8.0,0,2
1952,Manny Ayulo,0.0,0,0
1952,Marcel Balsa,0.0,0,0
1952,Maurice Trintignant,2.0,0,0
1952,Max de Terra,0.0,0,0
1952,Mike Hawthorn,10.0,0,1
1952,Nino Farina,27.0,0,4
1952,Paul Frère,2.0,0,0
1952,Paul Pietsch,0.0,0,0
1952,Peter Collins,0.0,0,0
1952,Peter Hirt,0.0,0,0
1952,Peter Whitehead,0.0,0,0
1952,Philippe Étancelin,0.0,0,0
1952,Piero Carini,0.0,0,0
1952,Piero Dusio,0.0,0,0
1952,Piero Taruffi,22.0,1,3
1952,Prince Bira,0.0,0,0
1952,Reg Parnell,0.0,0,0
1952,Robert Manzon,9.0,0,1
1952,Robert O'Brien,0.0,0,0
1952,Robin Montgomerie-Charrington,0.0,0,0
1952,Rodger Ward,0.0,0,0
1952,Roger Laurent,0.0,0,0
1952,Roy Salvadori,0.0,0,0
1952,Rudi Fischer,10.0,0,2
1952,Rudolf Krause,0.0,0,0
1952,Rudolf Schoeller,0.0,0,0
1952,Sam Hanks,4.0,0,1
1952,Stirling Moss,0.0,0,0
1952,Theo Helfrich,0.0,0,0
1952,Toni Ulmen,0.0,0,0
1952,Tony Bettenhausen,0.0,0,0
1952,Tony Crook,0.0,0,0
1952,Tony Gaze,0.0,0,0
1952,Toulo de Graffenried,0.0,0,0
1952,Travis Webb,0.0,0,0
1952,Troy Ruttman,8.0,1,1
1952,Willi Heeks,0.0,0,0
1952,Yves Cabantous,0.0,0,0
1952,Élie Bayol,0.0,0,0
1953,Adolfo Cruz,0.0,0,0
1953,Alan Brown,0.0,0,0
1953,Albert Scherrer,0.0,0,0
1953,Alberto Ascari,46.5,5,5
1953,André Pilette,0.0,0,0
1953,Andy Linden,0.0,0,0
1953,Art Cross,6.0,0,1
1953,Arthur Legat,0.0,0,0
1953,Bill Holland,0.0,0,0
1953,Bill Vukovich,9.0,1,1
1953,Bob Gerard,0.0,0,0
1953,Bob Scott,0.0,0,0
1953,Bob Sweikert,0.0,0,0
1953,Cal Niday,0.0,0,0
1953,Carl Scarborough,0.0,0,0
1953,Carlos Menditeguy,0.0,0,0
1953,Chico Landi,0.0,0,0
1953,Chuck Stevenson,0.0,0,0
1953,Don Freeland,0.0,0,0
1953,Duane Carter,2.0,0,1
1953,Duke Dinsmore,0.0,0,0
1953,Duke Nalon,0.0,0,0
1953,Duncan Hamilton,0.0,0,0
1953,Eddie Johnson,0.0,0,0
1953,Edgar Barth,0.0,0,0
1953,Ernie McCoy,0.0,0,0
1953,Ernst Klodwig,0.0,0,0
1953,Ernst Loof,0.0,0,0
1953,Erwin Bauer,0.0,0,0
1953,Felice Bonetto,6.5,0,1
1953,Fred Agabashian,1.5,0,0
1953,Fred Wacker,0.0,0,0
1953,Gene Hartley,0.0,0,0
1953,Georges Berger,0.0,0,0
1953,Günther Bechem,0.0,0,0
1953,Hans Herrmann,0.0,0,0
1953,Hans von Stuck,0.0,0,0
1953,Harry Schell,0.0,0,0
1953,Hermann Lang,2.0,0,0
1953,Ian Stewart,0.0,0,0
1953,Jack Fairman,0.0,0,0
1953,Jack McGrath,2.0,0,0
1953,Jackie Holmes,0.0,0,0
1953,Jacques Swaters,0.0,0,0
1953,Jean Behra,0.0,0,0
1953,Jerry Hoyt,0.0,0,0
1953,Jim Rathmann,0.0,0,0
1953,Jimmy Bryan,0.0,0,0
1953,Jimmy Davies,0.0,0,0
1953,Jimmy Daywalt,0.0,0,0
1953,Jimmy Stewart,0.0,0,0
1953,John Barber,0.0,0,0
1953,John Fitch,0.0,0,0
1953,Johnnie Parsons,0.0,0,0
1953,Johnny Claes,0.0,0,0
1953,Johnny Mantz,0.0,0,0
1953,Johnny Thomson,0.0,0,0
1953,José Froilán González,14.5,0,3
1953,Juan Fangio,29.5,1,4
1953,Ken Wharton,0.0,0,0
1953,Kenneth McAlpine,0.0,0,0
1953,Kurt Adolff,0.0,0,0
1953,Lance Macklin,0.0,0,0
1953,Louis Chiron,0.0,0,0
1953,Louis Rosier,0.0,0,0
1953,Luigi Musso,0.0,0,0
1953,Luigi Villoresi,17.0,0,3
1953,Manny Ayulo,0.0,0,0
1953,Marshall Teague,0.0,0,0
1953,Maurice Trintignant,4.0,0,0
1953,Max de Terra,0.0,0,0
1953,Mike Hawthorn,27.0,1,3
1953,Mike Nazaruk,0.0,0,0
1953,Nino Farina,32.0,1,5
1953,Onofre Marimón,4.0,0,1
1953,Oscar Gálvez,2.0,0,0
1953,Oswald Karch,0.0,0,0
1953,Pablo Birger,0.0,0,0
1953,Pat Flaherty,0.0,0,0
1953,Paul Frère,0.0,0,0
1953,Paul Russo,1.5,0,0
1953,Peter Collins,0.0,0,0
1953,Peter Hirt,0.0,0,0
1953,Peter Whitehead,0.0,0,0
1953,Piero Carini,0.0,0,0
1953,Prince Bira,0.0,0,0
1953,Robert Manzon,0.0,0,0
1953,Roberto Mieres,0.0,0,0
1953,Rodger Ward,0.0,0,0
1953,Rodney Nuckey,0.0,0,0
1953,Roy Salvadori,0.0,0,0
1953,Rudolf Krause,0.0,0,0
1953,Sam Hanks,2.0,0,1
1953,Sergio Mantovani,0.0,0,0
1953,Stirling Moss,0.0,0,0
1953,Theo Fitzau,0.0,0,0
1953,Theo Helfrich,0.0,0,0
1953,Tony Bettenhausen,0.0,0,0
1953,Tony Crook,0.0,0,0
1953,Tony Rolt,0.0,0,0
1953,Toulo de Graffenried,7.0,0,0
1953,Travis Webb,0.0,0,0
1953,Umberto Maglioli,0.0,0,0
1953,Walt Faulkner,0.0,0,0
1953,Willi Heeks,0.0,0,0
1953,Wolfgang Seidel,0.0,0,0
1953,Yves Cabantous,0.0,0,0
1953,Élie Bayol,0.0,0,0
1954,Alan Brown,0.0,0,0
1954,Alberto Ascari,1.0,0,0
1954,André Pilette,2.0,0,0
1954,Andy Linden,0.0,0,0
1954,Art Cross,0.0,0,0
1954,Bill Homeier,0.0,0,0
1954,Bill Vukovich,8.0,1,1
1954,Bill Whitehouse,0.0,0,0
1954,Bob Gerard,0.0,0,0
1954,Bob Scott,0.0,0,0
1954,Bob Sweikert,0.0,0,0
1954,Cal Niday,0.0,0,0
1954,Carlos Menditeguy,0.0,0,0
1954,Chuck Stevenson,0.0,0,0
1954,Clemar Bucci,0.0,0,0
1954,Danny Kladis,0.0,0,0
1954,Don Beauman,0.0,0,0
1954,Don Freeland,0.0,0,0
1954,Duane Carter,1.5,0,0
1954,Ed Elisian,0.0,0,0
1954,Eddie Johnson,0.0,0,0
1954,Eric Brandon,0.0,0,0
1954,Ernie McCoy,0.0,0,0
1954,Frank Armi,0.0,0,0
1954,Fred Agabashian,0.0,0,0
1954,Fred Wacker,0.0,0,0
1954,Gene Hartley,0.0,0,0
1954,George Fonder,0.0,0,0
1954,Georges Berger,0.0,0,0
1954,Giovanni de Riu,0.0,0,0
1954,Hans Herrmann,8.0,0,1
1954,Harry Schell,0.0,0,0
1954,Hermann Lang,0.0,0,0
1954,Horace Gould,0.0,0,0
1954,Jack McGrath,5.0,0,1
1954,Jacques Pollet,0.0,0,0
1954,Jacques Swaters,0.0,0,0
1954,Jean Behra,0.0,0,0
1954,Jerry Hoyt,0.0,0,0
1954,Jim Rathmann,0.0,0,0
1954,Jimmy Bryan,6.0,0,1
1954,Jimmy Davies,0.0,0,0
1954,Jimmy Daywalt,0.0,0,0
1954,Jimmy Jackson,0.0,0,0
1954,Jimmy Reece,0.0,0,0
1954,John Riseley-Prichard,0.0,0,0
1954,Johnnie Parsons,0.0,0,0
1954,Johnny Thomson,0.0,0,0
1954,Jorge Daponte,0.0,0,0
1954,José Froilán González,26.64,1,5
1954,Juan Fangio,57.14,6,7
1954,Karl Kling,12.0,0,1
1954,Ken Wharton,0.0,0,0
1954,Lance Macklin,0.0,0,0
1954,Larry Crockett,0.0,0,0
1954,Len Duncan,0.0,0,0
1954,Leslie Marr,0.0,0,0
1954,Leslie Thorne,0.0,0,0
1954,Louis Rosier,0.0,0,0
1954,Luigi Musso,6.0,0,1
1954,Luigi Villoresi,2.0,0,0
1954,Manny Ayulo,0.0,0,0
1954,Marshall Teague,0.0,0,0
1954,Maurice Trintignant,17.0,0,2
1954,Mike Hawthorn,24.64,1,4
1954,Mike Nazaruk,2.0,0,0
1954,Nino Farina,6.0,0,1
1954,Onofre Marimón,4.14,0,1
1954,Ottorino Volonterio,0.0,0,0
1954,Paco Godia,0.0,0,0
1954,Pat Flaherty,0.0,0,0
1954,Pat O'Connor,0.0,0,0
1954,Paul Frère,0.0,0,0
1954,Paul Russo,0.0,0,0
1954,Peter Collins,0.0,0,0
1954,Peter Whitehead,0.0,0,0
1954,Piero Taruffi,0.0,0,0
1954,Prince Bira,3.0,0,0
1954,Reg Parnell,0.0,0,0
1954,Robert Manzon,4.0,0,1
1954,Roberto Mieres,6.0,0,0
1954,Rodger Ward,0.0,0,0
1954,Rodney Nuckey,0.0,0,0
1954,Roger Loyer,0.0,0,0
1954,Ron Flockhart,0.0,0,0
1954,Roy Salvadori,0.0,0,0
1954,Sam Hanks,0.0,0,0
1954,Sergio Mantovani,4.0,0,0
1954,Stirling Moss,4.0,0,1
1954,Theo Helfrich,0.0,0,0
1954,Tony Bettenhausen,0.0,0,0
1954,Toulo de Graffenried,0.0,0,0
1954,Travis Webb,0.0,0,0
1954,Troy Ruttman,1.5,0,0
1954,Umberto Maglioli,2.0,0,1
1954,Walt Faulkner,0.0,0,0
1954,Élie Bayol,2.0,0,0
1955,Al Herman,0.0,0,0
1955,Al Keller,0.0,0,0
1955,Alberto Ascari,0.0,0,0
1955,Alberto Uria,0.0,0,0
1955,André Simon,0.0,0,0
1955,Andy Linden,0.0,0,0
1955,Art Cross,0.0,0,0
1955,Bill Homeier,1.0,0,0
1955,Bill Vukovich,1.0,0,0
1955,Bob Sweikert,8.0,1,1
1955,Cal Niday,0.0,0,0
1955,Carlos Menditeguy,2.0,0,0
1955,Cesare Perdisa,2.0,0,1
1955,Chuck Weyant,0.0,0,0
1955,Clemar Bucci,0.0,0,0
1955,Don Freeland,0.0,0,0
1955,Duane Carter,0.0,0,0
1955,Ed Elisian,0.0,0,0
1955,Eddie Johnson,0.0,0,0
1955,Eddie Russo,0.0,0,0
1955,Eugenio Castellotti,12.0,0,2
1955,Fred Agabashian,0.0,0,0
1955,Hans Herrmann,1.0,0,0
1955,Harry Schell,0.0,0,0
1955,Hernando da Silva Ramos,0.0,0,0
1955,Horace Gould,0.0,0,0
1955,Jack Brabham,0.0,0,0
1955,Jack Fairman,0.0,0,0
1955,Jack McGrath,0.0,0,0
1955,Jacques Pollet,0.0,0,0
1955,Jean Behra,6.0,0,1
1955,Jean Lucas,0.0,0,0
1955,Jerry Hoyt,0.0,0,0
1955,Jesús Iglesias,0.0,0,0
1955,Jim Rathmann,0.0,0,0
1955,Jimmy Bryan,0.0,0,0
1955,Jimmy Davies,4.0,0,1
1955,Jimmy Daywalt,0.0,0,0
1955,Jimmy Reece,0.0,0,0
1955,John Fitch,0.0,0,0
1955,Johnnie Parsons,0.0,0,0
1955,Johnny Boyd,0.0,0,0
1955,Johnny Claes,0.0,0,0
1955,Johnny Thomson,3.0,0,0
1955,José Froilán González,2.0,0,1
1955,Juan Fangio,41.0,4,5
1955,Karl Kling,5.0,0,1
1955,Keith Andrews,0.0,0,0
1955,Ken Wharton,0.0,0,0
1955,Kenneth McAlpine,0.0,0,0
1955,Lance Macklin,0.0,0,0
1955,Leslie Marr,0.0,0,0
1955,Louis Chiron,0.0,0,0
1955,Louis Rosier,0.0,0,0
1955,Luigi Musso,6.0,0,1
1955,Luigi Piotti,0.0,0,0
1955,Luigi Villoresi,2.0,0,0
1955,Maurice Trintignant,11.33,1,3
1955,Mike Hawthorn,0.0,0,0
1955,Mike Sparken,0.0,0,0
1955,Nino Farina,10.33,0,3
1955,Pablo Birger,0.0,0,0
1955,Pat Flaherty,0.0,0,0
1955,Pat O'Connor,0.0,0,0
1955,Paul Frère,3.0,0,0
1955,Paul Russo,3.0,0,1
1955,Peter Collins,0.0,0,0
1955,Peter Walker,0.0,0,0
1955,Piero Taruffi,9.0,0,1
1955,Ray Crawford,0.0,0,0
1955,Robert Manzon,0.0,0,0
1955,Roberto Mieres,7.0,0,0
1955,Rodger Ward,0.0,0,0
1955,Roy Salvadori,0.0,0,0
1955,Sam Hanks,0.0,0,0
1955,Sergio Mantovani,0.0,0,0
1955,Shorty Templeman,0.0,0,0
1955,Stirling Moss,23.0,1,3
1955,Ted Whiteaway,0.0,0,0
1955,Tony Bettenhausen,3.0,0,1
1955,Tony Rolt,0.0,0,0
1955,Umberto Maglioli,1.33,0,1
1955,Walt Faulkner,1.0,0,0
1955,Élie Bayol,0.0,0,0
1956,Al Herman,0.0,0,0
1956,Al Keller,0.0,0,0
1956,Alberto Uria,0.0,0,0
1956,Alfonso de Portago,3.0,0,1
1956,André Milhoux,0.0,0,0
1956,André Pilette,0.0,0,0
1956,André Simon,0.0,0,0
1956,Andy Linden,0.0,0,0
1956,Archie Scott Brown,0.0,0,0
1956,Billy Garrett,0.0,0,0
1956,Bob Christie,0.0,0,0
1956,Bob Gerard,0.0,0,0
1956,Bob Sweikert,0.0,0,0
1956,Bob Veith,0.0,0,0
1956,Bruce Halford,0.0,0,0
1956,Carlos Menditeguy,0.0,0,0
1956,Cesare Perdisa,3.0,0,1
1956,Chico Landi,1.5,0,0
1956,Cliff Griffith,0.0,0,0
1956,Colin Chapman,0.0,0,0
1956,Desmond Titterington,0.0,0,0
1956,Dick Rathmann,2.0,0,0
1956,Don Freeland,4.0,0,1
1956,Duke Dinsmore,0.0,0,0
1956,Ed Elisian,0.0,0,0
1956,Eddie Johnson,0.0,0,0
1956,Eddie Russo,0.0,0,0
1956,Eugenio Castellotti,7.5,0,1
1956,Fred Agabashian,0.0,0,0
1956,Gene Hartley,0.0,0,0
1956,Gerino Gerini,1.5,0,0
1956,Giorgio Scarlatti,0.0,0,0
1956,Harry Schell,3.0,0,0
1956,Hernando da Silva Ramos,2.0,0,0
1956,Horace Gould,2.0,0,0
1956,Jack Brabham,0.0,0,0
1956,Jack Fairman,5.0,0,0
1956,Jack Turner,0.0,0,0
1956,Jean Behra,22.0,0,5
1956,Jim Rathmann,0.0,0,0
1956,Jimmy Bryan,0.0,0,0
1956,Jimmy Daywalt,0.0,0,0
1956,Jimmy Reece,0.0,0,0
1956,Jo Bonnier,0.0,0,0
1956,Johnnie Parsons,3.0,0,0
1956,Johnnie Tolan,0.0,0,0
1956,Johnny Boyd,0.0,0,0
1956,Johnny Thomson,0.0,0,0
1956,José Froilán González,0.0,0,0
1956,Juan Fangio,34.5,3,5
1956,Keith Andrews,0.0,0,0
1956,Les Leston,0.0,0,0
1956,Louis Chiron,0.0,0,0
1956,Louis Rosier,2.0,0,0
1956,Luigi Musso,4.0,1,1
1956,Luigi Piotti,0.0,0,0
1956,Luigi Villoresi,2.0,0,0
1956,Maurice Trintignant,0.0,0,0
1956,Mike Hawthorn,4.0,0,1
1956,Olivier Gendebien,2.0,0,0
1956,Ottorino Volonterio,0.0,0,0
1956,Paco Godia,6.0,0,0
1956,Pat Flaherty,8.0,1,1
1956,Pat O'Connor,0.0,0,0
1956,Paul Emery,0.0,0,0
1956,Paul Frère,6.0,0,1
1956,Paul Russo,1.0,0,0
1956,Peter Collins,25.0,2,5
1956,Piero Scotti,0.0,0,0
1956,Piero Taruffi,0.0,0,0
1956,Ray Crawford,0.0,0,0
1956,Robert Manzon,0.0,0,0
1956,Rodger Ward,0.0,0,0
1956,Ron Flockhart,4.0,0,1
1956,Roy Salvadori,0.0,0,0
1956,Sam Hanks,6.0,0,1
1956,Stirling Moss,28.0,2,4
1956,Tony Bettenhausen,0.0,0,0
1956,Tony Brooks,0.0,0,0
1956,Toulo de Graffenried,0.0,0,0
1956,Troy Ruttman,0.0,0,0
1956,Umberto Maglioli,0.0,0,0
1956,Wolfgang von Trips,0.0,0,0
1956,Élie Bayol,0.0,0,0
1956,Óscar González,0.0,0,0
1957,Al Herman,0.0,0,0
1957,Al Keller,0.0,0,0
1957,Alessandro de Tomaso,0.0,0,0
1957,Alfonso de Portago,1.0,0,0
1957,André Simon,0.0,0,0
1957,Andy Linden,2.0,0,0
1957,Bill Cheesbourg,0.0,0,0
1957,Bob Christie,0.0,0,0
1957,Bob Gerard,0.0,0,0
1957,Bob Veith,0.0,0,0
1957,Brian Naylor,0.0,0,0
1957,Bruce Halford,0.0,0,0
1957,Carel Godin de Beaufort,0.0,0,0
1957,Carlos Menditeguy,4.0,0,1
1957,Cesare Perdisa,0.0,0,0
1957,Chuck Weyant,0.0,0,0
1957,Dick Gibson,0.0,0,0
1957,Don Edmunds,0.0,0,0
1957,Don Freeland,0.0,0,0
1957,Ed Elisian,0.0,0,0
1957,Eddie Johnson,0.0,0,0
1957,Eddie Russo,0.0,0,0
1957,Eddie Sachs,0.0,0,0
1957,Edgar Barth,0.0,0,0
1957,Elmer George,0.0,0,0
1957,Eugenio Castellotti,0.0,0,0
1957,Fred Agabashian,0.0,0,0
1957,Gene Hartley,0.0,0,0
1957,Giorgio Scarlatti,1.0,0,0
1957,Hans Herrmann,0.0,0,0
1957,Harry Schell,10.0,0,1
1957,Herbert MacKay-Fraser,0.0,0,0
1957,Horace Gould,0.0,0,0
1957,Ivor Bueb,0.0,0,0
1957,Jack Brabham,0.0,0,0
1957,Jack Fairman,0.0,0,0
1957,Jack Turner,0.0,0,0
1957,Jean Behra,6.0,0,1
1957,Jim Rathmann,7.0,0,1
1957,Jimmy Bryan,4.0,0,1
1957,Jimmy Daywalt,0.0,0,0
1957,Jimmy Reece,0.0,0,0
1957,Jo Bonnier,0.0,0,0
1957,Johnnie Parsons,0.0,0,0
1957,Johnnie Tolan,0.0,0,0
1957,Johnny Boyd,0.0,0,0
1957,Johnny Thomson,0.0,0,0
1957,José Froilán González,1.0,0,0
1957,Juan Fangio,46.0,4,6
1957,Les Leston,0.0,0,0
1957,Luigi Musso,16.0,0,2
1957,Luigi Piotti,0.0,0,0
1957,Marshall Teague,0.0,0,0
1957,Masten Gregory,10.0,0,1
1957,Maurice Trintignant,5.0,0,0
1957,Mike Hawthorn,13.0,0,2
1957,Mike MacDowel,0.0,0,0
1957,Mike Magill,0.0,0,0
1957,Ottorino Volonterio,0.0,0,0
1957,Paco Godia,0.0,0,0
1957,Pat O'Connor,0.0,0,0
1957,Paul England,0.0,0,0
1957,Paul Russo,3.0,0,0
1957,Peter Collins,8.0,0,2
1957,Rodger Ward,0.0,0,0
1957,Ron Flockhart,0.0,0,0
1957,Roy Salvadori,2.0,0,0
1957,Sam Hanks,8.0,1,1
1957,Stirling Moss,25.0,3,3
1957,Stuart Lewis-Evans,5.0,0,0
1957,Tony Bettenhausen,0.0,0,0
1957,Tony Brooks,11.0,1,2
1957,Tony Marsh,0.0,0,0
1957,Troy Ruttman,0.0,0,0
1957,Umberto Maglioli,0.0,0,0
1957,Wolfgang von Trips,4.0,0,1
1958,Al Keller,0.0,0,0
1958,Alan Stacey,0.0,0,0
1958,André Guelfi,0.0,0,0
1958,André Testut,0.0,0,0
1958,Anthony Foyt,0.0,0,0
1958,Art Bisch,0.0,0,0
1958,Bernie Ecclestone,0.0,0,0
1958,Bill Cheesbourg,0.0,0,0
1958,Billy Garrett,0.0,0,0
1958,Bob Christie,0.0,0,0
1958,Bob Veith,0.0,0,0
1958,Brian Naylor,0.0,0,0
1958,Bruce Kessler,0.0,0,0
1958,Bruce McLaren,0.0,0,0
1958,Carel Godin de Beaufort,0.0,0,0
1958,Carlos Menditeguy,0.0,0,0
1958,Carroll Shelby,0.0,0,0
1958,Christian Goethals,0.0,0,0
1958,Chuck Weyant,0.0,0,0
1958,Cliff Allison,3.0,0,0
1958,Dempsey Wilson,0.0,0,0
1958,Dick Gibson,0.0,0,0
1958,Dick Rathmann,0.0,0,0
1958,Don Freeland,0.0,0,0
1958,Ed Elisian,0.0,0,0
1958,Eddie Johnson,0.0,0,0
1958,Eddie Sachs,0.0,0,0
1958,Edgar Barth,0.0,0,0
1958,François Picard,0.0,0,0
1958,George Amick,6.0,0,1
1958,Gerino Gerini,0.0,0,0
1958,Giorgio Scarlatti,0.0,0,0
1958,Giulio Cabianca,0.0,0,0
1958,Graham Hill,0.0,0,0
1958,Hans Herrmann,0.0,0,0
1958,Harry Schell,14.0,0,1
1958,Horace Gould,0.0,0,0
1958,Ian Burgess,0.0,0,0
1958,Ivor Bueb,0.0,0,0
1958,Jack Brabham,3.0,0,0
1958,Jack Fairman,0.0,0,0
1958,Jack Turner,0.0,0,0
1958,Jean Behra,9.0,0,1
1958,Jerry Unser,0.0,0,0
1958,Jim Rathmann,2.0,0,0
1958,Jimmy Bryan,8.0,1,1
1958,Jimmy Reece,0.0,0,0
1958,Jo Bonnier,3.0,0,0
1958,Johnnie Parsons,0.0,0,0
1958,Johnnie Tolan,0.0,0,0
1958,Johnny Boyd,4.0,0,1
1958,Johnny Thomson,0.0,0,0
1958,Juan Fangio,7.0,0,0
1958,Jud Larson,0.0,0,0
1958,Ken Kavanagh,0.0,0,0
1958,Len Sutton,0.0,0,0
1958,Louis Chiron,0.0,0,0
1958,Luigi Musso,12.0,0,2
1958,Luigi Piotti,0.0,0,0
1958,Luigi Taramazzo,0.0,0,0
1958,Maria de Filippis,0.0,0,0
1958,Masten Gregory,0.0,0,0
1958,Maurice Trintignant,12.0,1,2
1958,Mike Hawthorn,49.0,1,7
1958,Mike Magill,0.0,0,0
1958,Olivier Gendebien,0.0,0,0
1958,Paco Godia,0.0,0,0
1958,Pat O'Connor,0.0,0,0
1958,Paul Emery,0.0,0,0
1958,Paul Goldsmith,0.0,0,0
1958,Paul Russo,0.0,0,0
1958,Peter Collins,14.0,1,2
1958,Phil Hill,9.0,0,2
1958,Robert La Caze,0.0,0,0
1958,Rodger Ward,0.0,0,0
1958,Ron Flockhart,0.0,0,0
1958,Roy Salvadori,15.0,0,2
1958,Shorty Templeman,0.0,0,0
1958,Stirling Moss,41.0,4,5
1958,Stuart Lewis-Evans,11.0,0,2
1958,Tom Bridger,0.0,0,0
1958,Tony Bettenhausen,4.0,0,0
1958,Tony Brooks,24.0,3,3
1958,Tony Marsh,0.0,0,0
1958,Troy Ruttman,0.0,0,0
1958,Wolfgang Seidel,0.0,0,0
1958,Wolfgang von Trips,9.0,0,1
1959,Al Herman,0.0,0,0
1959,Al Keller,0.0,0,0
1959,Alain de Changy,0.0,0,0
1959,Alan Stacey,0.0,0,0
1959,Alessandro de Tomaso,0.0,0,0
1959,André Testut,0.0,0,0
1959,Anthony Foyt,0.0,0,0
1959,Azdrubal Fontes,0.0,0,0
1959,Bill Cheesbourg,0.0,0,0
1959,Bill Moss,0.0,0,0
1959,Bob Christie,0.0,0,0
1959,Bob Said,0.0,0,0
1959,Bob Veith,0.0,0,0
1959,Bobby Grim,0.0,0,0
1959,Brian Naylor,0.0,0,0
1959,Bruce Halford,0.0,0,0
1959,Bruce McLaren,16.5,1,2
1959,Carel Godin de Beaufort,0.0,0,0
1959,Carroll Shelby,0.0,0,0
1959,Chris Bristow,0.0,0,0
1959,Chuck Arnold,0.0,0,0
1959,Chuck Weyant,0.0,0,0
1959,Cliff Allison,2.0,0,0
1959,Colin Davis,0.0,0,0
1959,Dan Gurney,13.0,0,2
1959,David Piper,0.0,0,0
1959,Dennis Taylor,0.0,0,0
1959,Dick Rathmann,0.0,0,0
1959,Don Branson,0.0,0,0
1959,Don Freeland,0.0,0,0
1959,Duane Carter,0.0,0,0
1959,Eddie Johnson,0.0,0,0
1959,Eddie Sachs,0.0,0,0
1959,Fritz d'Orey,0.0,0,0
1959,Gene Hartley,0.0,0,0
1959,George Constantine,0.0,0,0
1959,Giorgio Scarlatti,0.0,0,0
1959,Giulio Cabianca,0.0,0,0
1959,Graham Hill,0.0,0,0
1959,Hans Herrmann,0.0,0,0
1959,Harry Blanchard,0.0,0,0
1959,Harry Schell,5.0,0,0
1959,Henry Taylor,0.0,0,0
1959,Ian Burgess,0.0,0,0
1959,Innes Ireland,5.0,0,0
1959,Ivor Bueb,0.0,0,0
1959,Jack Brabham,34.0,2,5
1959,Jack Fairman,0.0,0,0
1959,Jack Turner,0.0,0,0
1959,Jean Behra,2.0,0,0
1959,Jean Lucienbonnet,0.0,0,0
1959,Jim McWithey,0.0,0,0
1959,Jim Rathmann,6.0,0,1
1959,Jimmy Bryan,0.0,0,0
1959,Jimmy Daywalt,0.0,0,0
1959,Jo Bonnier,10.0,1,1
1959,Johnny Boyd,0.0,0,0
1959,Johnny Thomson,5.0,0,1
1959,Jud Larson,0.0,0,0
1959,Keith Greene,0.0,0,0
1959,Len Sutton,0.0,0,0
1959,Lucien Bianchi,0.0,0,0
1959,Maria de Filippis,0.0,0,0
1959,Masten Gregory,10.0,0,2
1959,Maurice Trintignant,19.0,0,2
1959,Mike Magill,0.0,0,0
1959,Mike Parkes,0.0,0,0
1959,Mike Taylor,0.0,0,0
1959,Mário de Araújo Cabral,0.0,0,0
1959,Olivier Gendebien,3.0,0,0
1959,Pat Flaherty,0.0,0,0
1959,Paul Goldsmith,2.0,0,0
1959,Paul Russo,0.0,0,0
1959,Pete Lovely,0.0,0,0
1959,Peter Ashdown,0.0,0,0
1959,Phil Cade,0.0,0,0
1959,Phil Hill,20.0,0,3
1959,Ray Crawford,0.0,0,0
1959,Red Amick,0.0,0,0
1959,Rodger Ward,8.0,1,1
1959,Ron Flockhart,0.0,0,0
1959,Roy Salvadori,0.0,0,0
1959,Stirling Moss,25.5,2,3
1959,Tim Parnell,0.0,0,0
1959,Tony Bettenhausen,3.0,0,0
1959,Tony Brooks,27.0,2,4
1959,Trevor Taylor,0.0,0,0
1959,Wolfgang von Trips,0.0,0,0
1960,Al Herman,0.0,0,0
1960,Alan Stacey,0.0,0,0
1960,Alberto Rodriguez Larreta,0.0,0,0
1960,Alfonso Thiele,0.0,0,0
1960,Anthony Foyt,0.0,0,0
1960,Antonio Creus,0.0,0,0
1960,Arthur Owen,0.0,0,0
1960,Bill Homeier,0.0,0,0
1960,Bob Christie,0.0,0,0
1960,Bob Drake,0.0,0,0
1960,Bob Veith,0.0,0,0
1960,Bobby Grim,0.0,0,0
1960,Brian Naylor,0.0,0,0
1960,Bruce Halford,0.0,0,0
1960,Bruce McLaren,37.0,1,6
1960,Bud Tingelstad,0.0,0,0
1960,Carel Godin de Beaufort,0.0,0,0
1960,Carlos Menditeguy,3.0,0,0
1960,Chris Bristow,0.0,0,0
1960,Chuck Daigh,0.0,0,0
1960,Chuck Stevenson,0.0,0,0
1960,Cliff Allison,6.0,0,1
1960,Dan Gurney,0.0,0,0
1960,David Piper,0.0,0,0
1960,Dempsey Wilson,0.0,0,0
1960,Dick Rathmann,0.0,0,0
1960,Don Branson,3.0,0,0
1960,Don Freeland,0.0,0,0
1960,Duane Carter,0.0,0,0
1960,Eddie Johnson,1.0,0,0
1960,Eddie Russo,0.0,0,0
1960,Eddie Sachs,0.0,0,0
1960,Edgar Barth,0.0,0,0
1960,Ettore Chimeri,0.0,0,0
1960,Fred Gamble,0.0,0,0
1960,Gene Force,0.0,0,0
1960,Gene Hartley,0.0,0,0
1960,Gino Munaron,0.0,0,0
1960,Giorgio Scarlatti,0.0,0,0
1960,Giulio Cabianca,3.0,0,0
1960,Graham Hill,4.0,0,1
1960,Hans Herrmann,1.0,0,0
1960,Harry Schell,0.0,0,0
1960,Henry Taylor,3.0,0,0
1960,Horace Gould,0.0,0,0
1960,Ian Burgess,0.0,0,0
1960,Innes Ireland,18.0,0,3
1960,Jack Brabham,43.0,5,5
1960,Jack Fairman,0.0,0,0
1960,Jim Clark,8.0,0,1
1960,Jim Hall,0.0,0,0
1960,Jim Hurtubise,0.0,0,0
1960,Jim McWithey,0.0,0,0
1960,Jim Rathmann,8.0,1,1
1960,Jimmy Bryan,0.0,0,0
1960,Jo Bonnier,4.0,0,0
1960,John Surtees,6.0,0,1
1960,Johnny Boyd,0.0,0,0
1960,Johnny Thomson,2.0,0,0
1960,José Froilán González,0.0,0,0
1960,Keith Greene,0.0,0,0
1960,Lance Reventlow,0.0,0,0
1960,Len Sutton,0.0,0,0
1960,Lloyd Ruby,0.0,0,0
1960,Lucien Bianchi,1.0,0,0
1960,Masten Gregory,0.0,0,0
1960,Maurice Trintignant,0.0,0,1
1960,Mike Taylor,0.0,0,0
1960,Mário de Araújo Cabral,0.0,0,0
1960,Nasif Estéfano,0.0,0,0
1960,Olivier Gendebien,10.0,0,2
1960,Paul Goldsmith,4.0,0,1
1960,Pete Lovely,0.0,0,0
1960,Phil Hill,16.0,1,2
1960,Piero Drogo,0.0,0,0
1960,Red Amick,0.0,0,0
1960,Richie Ginther,8.0,0,1
1960,Roberto Bonomi,0.0,0,0
1960,Rodger Ward,6.0,0,1
1960,Ron Flockhart,1.0,0,0
1960,Roy Salvadori,0.0,0,0
1960,Shorty Templeman,0.0,0,0
1960,Stirling Moss,19.0,2,3
1960,Tony Bettenhausen,0.0,0,0
1960,Tony Brooks,7.0,0,0
1960,Troy Ruttman,0.0,0,0
1960,Vic Wilson,0.0,0,0
1960,Wayne Weiler,0.0,0,0
1960,Willy Mairesse,4.0,0,1
1960,Wolfgang Seidel,0.0,0,0
1960,Wolfgang von Trips,10.0,0,0
1961,Alfonso Thiele,0.0,0,0
1961,André Pilette,0.0,0,0
1961,Bernard Collomb,0.0,0,0
1961,Brian Naylor,0.0,0,0
1961,Bruce McLaren,11.0,0,1
1961,Carel Godin de Beaufort,0.0,0,0
1961,Cliff Allison,0.0,0,0
1961,Dan Gurney,21.0,0,3
1961,Edgar Barth,0.0,0,0
1961,Ernesto Prinoth,0.0,0,0
1961,Gaetano Starrabba,0.0,0,0
1961,Geoff Duke,0.0,0,0
1961,Gerry Ashmore,0.0,0,0
1961,Giancarlo Baghetti,9.0,1,1
1961,Giorgio Scarlatti,0.0,0,0
1961,Graham Hill,3.0,0,0
1961,Hans Herrmann,0.0,0,0
1961,Hap Sharp,0.0,0,0
1961,Henry Taylor,0.0,0,0
1961,Ian Burgess,0.0,0,0
1961,Innes Ireland,12.0,1,1
1961,Jack Brabham,4.0,0,0
1961,Jack Fairman,0.0,0,0
1961,Jackie Lewis,3.0,0,0
1961,Jim Clark,11.0,0,2
1961,Jim Hall,0.0,0,0
1961,Jo Bonnier,3.0,0,0
1961,John Campbell-Jones,0.0,0,0
1961,John Surtees,4.0,0,0
1961,Juan Manuel Bordeu,0.0,0,0
1961,Keith Greene,0.0,0,0
1961,Ken Miles,0.0,0,0
1961,Lloyd Ruby,0.0,0,0
1961,Lorenzo Bandini,0.0,0,0
1961,Lucien Bianchi,0.0,0,0
1961,Massimo Natili,0.0,0,0
1961,Masten Gregory,0.0,0,0
1961,Maurice Trintignant,0.0,0,0
1961,Menato Boffa,0.0,0,0
1961,Michael May,0.0,0,0
1961,Nino Vaccarella,0.0,0,0
1961,Olivier Gendebien,3.0,0,0
1961,Peter Monteverdi,0.0,0,0
1961,Peter Ryan,0.0,0,0
1961,Phil Hill,38.0,2,6
1961,Renato Pirocchi,0.0,0,0
1961,Ricardo Rodríguez,0.0,0,0
1961,Richie Ginther,16.0,0,3
1961,Roberto Bussinello,0.0,0,0
1961,Roberto Lippi,0.0,0,0
1961,Roger Penske,0.0,0,0
1961,Roy Salvadori,2.0,0,0
1961,Stirling Moss,21.0,2,2
1961,Tim Parnell,0.0,0,0
1961,Tony Brooks,6.0,0,1
1961,Tony Maggs,0.0,0,0
1961,Tony Marsh,0.0,0,0
1961,Trevor Taylor,0.0,0,0
1961,Walt Hansgen,0.0,0,0
1961,Willy Mairesse,0.0,0,0
1961,Wolfgang Seidel,0.0,0,0
1961,Wolfgang von Trips,33.0,2,4
1962,Ben Pon,0.0,0,0
1962,Bernard Collomb,0.0,0,0
1962,Bruce Johnstone,0.0,0,0
1962,Bruce McLaren,32.0,1,5
1962,Carel Godin de Beaufort,2.0,0,0
1962,Carlo Abate,0.0,0,0
1962,Colin Davis,0.0,0,0
1962,Dan Gurney,15.0,1,2
1962,Doug Serrurier,0.0,0,0
1962,Ernesto Prinoth,0.0,0,0
1962,Ernie Pieterse,0.0,0,0
1962,Gary Hocking,0.0,0,0
1962,Gerry Ashmore,0.0,0,0
1962,Giancarlo Baghetti,5.0,0,0
1962,Graham Hill,52.0,4,6
1962,Günther Seiffert,0.0,0,0
1962,Hap Sharp,0.0,0,0
1962,Heini Walter,0.0,0,0
1962,Heinz Schiller,0.0,0,0
1962,Ian Burgess,0.0,0,0
1962,Innes Ireland,2.0,0,0
1962,Jack Brabham,9.0,0,0
1962,Jackie Lewis,0.0,0,0
1962,Jay Chamberlain,0.0,0,0
1962,Jim Clark,30.0,3,3
1962,Jim Hall,0.0,0,0
1962,Jo Bonnier,3.0,0,0
1962,Jo Siffert,0.0,0,0
1962,John Campbell-Jones,0.0,0,0
1962,John Love,0.0,0,0
1962,John Surtees,19.0,0,2
1962,Keith Greene,0.0,0,0
1962,Kurt Kuhnke,0.0,0,0
1962,Lorenzo Bandini,4.0,0,1
1962,Lucien Bianchi,0.0,0,0
1962,Masten Gregory,1.0,0,0
1962,Maurice Trintignant,0.0,0,0
1962,Mike Harris,0.0,0,0
1962,Nasif Estéfano,0.0,0,0
1962,Neville Lederle,1.0,0,0
1962,Nino Vaccarella,0.0,0,0
1962,Peter Arundell,0.0,0,0
1962,Phil Hill,14.0,0,3
1962,Ricardo Rodríguez,4.0,0,0
1962,Richie Ginther,10.0,0,2
1962,Rob Schroeder,0.0,0,0
1962,Rob Slotemaker,0.0,0,0
1962,Roberto Bussinello,0.0,0,0
1962,Roberto Lippi,0.0,0,0
1962,Roger Penske,0.0,0,0
1962,Roy Salvadori,0.0,0,0
1962,Sam Tingle,0.0,0,0
1962,Syd van der Vyver,0.0,0,0
1962,Timmy Mayer,0.0,0,0
1962,Tony Maggs,13.0,0,2
1962,Tony Marsh,0.0,0,0
1962,Tony Settember,0.0,0,0
1962,Tony Shelly,0.0,0,0
1962,Trevor Taylor,6.0,0,1
1962,Willy Mairesse,3.0,0,0
1962,Wolfgang Seidel,0.0,0,0
1963,André Pilette,0.0,0,0
1963,Bernard Collomb,0.0,0,0
1963,Bob Anderson,0.0,0,0
1963,Brausch Niemann,0.0,0,0
1963,Bruce McLaren,17.0,0,3
1963,Carel Godin de Beaufort,2.0,0,0
1963,Carlo Abate,0.0,0,0
1963,Chris Amon,0.0,0,0
1963,Dan Gurney,19.0,0,3
1963,David Prophet,0.0,0,0
1963,Doug Serrurier,0.0,0,0
1963,Ernesto Brambilla,0.0,0,0
1963,Ernie Pieterse,0.0,0,0
1963,Ernie de Vos,0.0,0,0
1963,Frank Dochnal,0.0,0,0
1963,Gaetano Starrabba,0.0,0,0
1963,Gerhard Mitter,3.0,0,0
1963,Giancarlo Baghetti,0.0,0,0
1963,Graham Hill,29.0,2,5
1963,Günther Seiffert,0.0,0,0
1963,Hap Sharp,0.0,0,0
1963,Ian Burgess,0.0,0,0
1963,Ian Raby,0.0,0,0
1963,Innes Ireland,6.0,0,0
1963,Jack Brabham,14.0,0,1
1963,Jim Clark,73.0,7,9
1963,Jim Hall,3.0,0,0
1963,Jo Bonnier,6.0,0,0
1963,Jo Siffert,1.0,0,0
1963,John Campbell-Jones,0.0,0,0
1963,John Love,0.0,0,0
1963,John Surtees,22.0,1,3
1963,Kurt Kuhnke,0.0,0,0
1963,Lorenzo Bandini,6.0,0,0
1963,Lucien Bianchi,0.0,0,0
1963,Ludovico Scarfiotti,1.0,0,0
1963,Masten Gregory,0.0,0,0
1963,Maurice Trintignant,0.0,0,0
1963,Mike Hailwood,0.0,0,0
1963,Mike Spence,0.0,0,0
1963,Moisés Solana,0.0,0,0
1963,Mário de Araújo Cabral,0.0,0,0
1963,Nasif Estéfano,0.0,0,0
1963,Neville Lederle,0.0,0,0
1963,Paddy Driver,0.0,0,0
1963,Pedro Rodríguez,0.0,0,0
1963,Peter Arundell,0.0,0,0
1963,Peter Broeker,0.0,0,0
1963,Peter de Klerk,0.0,0,0
1963,Phil Hill,0.0,0,0
1963,Richie Ginther,34.0,0,5
1963,Roberto Lippi,0.0,0,0
1963,Rodger Ward,0.0,0,0
1963,Sam Tingle,0.0,0,0
1963,Thomas Monarch,0.0,0,0
1963,Tim Parnell,0.0,0,0
1963,Tony Maggs,9.0,0,1
1963,Tony Settember,0.0,0,0
1963,Trevor Blokdyk,0.0,0,0
1963,Trevor Taylor,1.0,0,0
1963,Walt Hansgen,0.0,0,0
1963,Willy Mairesse,0.0,0,0
1964,André Pilette,0.0,0,0
1964,Bernard Collomb,0.0,0,0
1964,Bob Anderson,5.0,0,1
1964,Bruce McLaren,13.0,0,2
1964,Carel Godin de Beaufort,0.0,0,0
1964,Chris Amon,2.0,0,0
1964,Dan Gurney,19.0,2,2
1964,Edgar Barth,0.0,0,0
1964,Frank Gardner,0.0,0,0
1964,Gerhard Mitter,0.0,0,0
1964,Giacomo Russo,0.0,0,0
1964,Giancarlo Baghetti,0.0,0,0
1964,Graham Hill,41.0,2,5
1964,Hap Sharp,0.0,0,0
1964,Ian Raby,0.0,0,0
1964,Innes Ireland,4.0,0,0
1964,Jack Brabham,11.0,0,2
1964,Jim Clark,32.0,3,3
1964,Jo Bonnier,3.0,0,0
1964,Jo Siffert,7.0,0,1
1964,Jochen Rindt,0.0,0,0
1964,John Love,0.0,0,0
1964,John Surtees,40.0,2,6
1964,John Taylor,0.0,0,0
1964,Lorenzo Bandini,23.0,1,4
1964,Ludovico Scarfiotti,0.0,0,0
1964,Maurice Trintignant,2.0,0,0
1964,Mike Hailwood,1.0,0,0
1964,Mike Spence,4.0,0,0
1964,Moisés Solana,0.0,0,0
1964,Mário de Araújo Cabral,0.0,0,0
1964,Pedro Rodríguez,1.0,0,0
1964,Peter Arundell,11.0,0,2
1964,Peter Revson,0.0,0,0
1964,Phil Hill,1.0,0,0
1964,Richard Attwood,0.0,0,0
1964,Richie Ginther,23.0,0,2
1964,Ronnie Bucknum,0.0,0,0
1964,Tony Maggs,4.0,0,0
1964,Trevor Taylor,1.0,0,0
1964,Walt Hansgen,2.0,0,0
1965,Alan Rollinson,0.0,0,0
1965,Alex Blignaut,0.0,0,0
1965,Bob Anderson,0.0,0,0
1965,Bob Bondurant,0.0,0,0
1965,Brausch Niemann,0.0,0,0
1965,Brian Gubby,0.0,0,0
1965,Bruce McLaren,10.0,0,1
1965,Chris Amon,0.0,0,0
1965,Clive Puzey,0.0,0,0
1965,Dan Gurney,25.0,0,5
1965,Dave Charlton,0.0,0,0
1965,David Clapham,0.0,0,0
1965,David Prophet,0.0,0,0
1965,Denny Hulme,5.0,0,0
1965,Doug Serrurier,0.0,0,0
1965,Ernie Pieterse,0.0,0,0
1965,Frank Gardner,0.0,0,0
1965,Gerhard Mitter,0.0,0,0
1965,Giacomo Russo,0.0,0,0
1965,Giancarlo Baghetti,0.0,0,0
1965,Giorgio Bassi,0.0,0,0
1965,Graham Hill,47.0,2,6
1965,Ian Raby,0.0,0,0
1965,Innes Ireland,0.0,0,0
1965,Jack Brabham,9.0,0,1
1965,Jackie Pretorius,0.0,0,0
1965,Jackie Stewart,34.0,1,5
1965,Jim Clark,54.0,6,6
1965,Jo Bonnier,0.0,0,0
1965,Jo Siffert,5.0,0,0
1965,Jochen Rindt,4.0,0,0
1965,John Love,0.0,0,0
1965,John Rhodes,0.0,0,0
1965,John Surtees,17.0,0,3
1965,Lorenzo Bandini,13.0,0,1
1965,Lucien Bianchi,0.0,0,0
1965,Ludovico Scarfiotti,0.0,0,0
1965,Masten Gregory,0.0,0,0
1965,Mike Hailwood,0.0,0,0
1965,Mike Spence,10.0,0,1
1965,Moisés Solana,0.0,0,0
1965,Neville Lederle,0.0,0,0
1965,Nino Vaccarella,0.0,0,0
1965,Paul Hawkins,0.0,0,0
1965,Pedro Rodríguez,2.0,0,0
1965,Peter de Klerk,0.0,0,0
1965,Ray Reed,0.0,0,0
1965,Richard Attwood,2.0,0,0
1965,Richie Ginther,11.0,1,1
1965,Roberto Bussinello,0.0,0,0
1965,Ronnie Bucknum,2.0,0,0
1965,Sam Tingle,0.0,0,0
1965,Tony Maggs,0.0,0,0
1965,Trevor Blokdyk,0.0,0,0
1966,Bob Anderson,1.0,0,0
1966,Bob Bondurant,3.0,0,0
1966,Bruce McLaren,3.0,0,0
1966,Chris Amon,0.0,0,0
1966,Chris Irwin,0.0,0,0
1966,Chris Lawrence,0.0,0,0
1966,Dan Gurney,4.0,0,0
1966,Denny Hulme,18.0,0,4
1966,Giacomo Russo,0.0,0,0
1966,Giancarlo Baghetti,0.0,0,0
1966,Graham Hill,17.0,0,3
1966,Guy Ligier,0.0,0,0
1966,Innes Ireland,0.0,0,0
1966,Jack Brabham,45.0,4,5
1966,Jackie Stewart,14.0,1,1
1966,Jim Clark,16.0,1,2
1966,Jo Bonnier,1.0,0,0
1966,Jo Siffert,3.0,0,0
1966,Jochen Rindt,24.0,0,3
1966,John Surtees,28.0,2,4
1966,John Taylor,1.0,0,0
1966,Lorenzo Bandini,12.0,0,2
1966,Ludovico Scarfiotti,9.0,1,1
1966,Mike Parkes,12.0,0,2
1966,Mike Spence,4.0,0,0
1966,Moisés Solana,0.0,0,0
1966,Pedro Rodríguez,0.0,0,0
1966,Peter Arundell,1.0,0,0
1966,Phil Hill,0.0,0,0
1966,Richie Ginther,5.0,0,0
1966,Ronnie Bucknum,0.0,0,0
1966,Trevor Taylor,0.0,0,0
1966,Vic Wilson,0.0,0,0
1967,Al Pease,0.0,0,0
1967,Alan Rees,0.0,0,0
1967,Bob Anderson,2.0,0,0
1967,Brian Hart,0.0,0,0
1967,Bruce McLaren,3.0,0,0
1967,Chris Amon,20.0,0,4
1967,Chris Irwin,2.0,0,0
1967,Dan Gurney,13.0,1,2
1967,Dave Charlton,0.0,0,0
1967,David Hobbs,0.0,0,0
1967,Denny Hulme,51.0,2,8
1967,Eppie Wietzes,0.0,0,0
1967,Giancarlo Baghetti,0.0,0,0
1967,Graham Hill,15.0,0,2
1967,Guy Ligier,1.0,0,0
1967,Hubert Hahne,0.0,0,0
1967,Jack Brabham,48.0,2,6
1967,Jackie Oliver,0.0,0,0
1967,Jackie Stewart,10.0,0,2
1967,Jacky Ickx,1.0,0,0
1967,Jean-Pierre Beltoise,0.0,0,0
1967,Jim Clark,41.0,4,5
1967,Jo Bonnier,3.0,0,0
1967,Jo Schlesser,0.0,0,0
1967,Jo Siffert,6.0,0,0
1967,Jochen Rindt,6.0,0,0
1967,John Love,6.0,0,1
1967,John Surtees,20.0,1,2
1967,Johnny Servoz-Gavin,0.0,0,0
1967,Jonathan Williams,0.0,0,0
1967,Kurt Ahrens,0.0,0,0
1967,Lorenzo Bandini,0.0,0,0
1967,Ludovico Scarfiotti,1.0,0,0
1967,Luki Botha,0.0,0,0
1967,Mike Fisher,0.0,0,0
1967,Mike Parkes,2.0,0,0
1967,Mike Spence,9.0,0,0
1967,Moisés Solana,0.0,0,0
1967,Pedro Rodríguez,15.0,1,1
1967,Piers Courage,0.0,0,0
1967,Richard Attwood,0.0,0,0
1967,Richie Ginther,0.0,0,0
1967,Sam Tingle,0.0,0,0
1967,Silvio Moser,0.0,0,0
1967,Tom Jones,0.0,0,0
1968,Andrea de Adamich,0.0,0,0
1968,Basil van Rooyen,0.0,0,0
1968,Bill Brack,0.0,0,0
1968,Bobby Unser,0.0,0,0
1968,Brian Redman,4.0,0,1
1968,Bruce McLaren,22.0,1,3
1968,Chris Amon,10.0,0,1
1968,Dan Gurney,3.0,0,0
1968,Dave Charlton,0.0,0,0
1968,David Hobbs,0.0,0,0
1968,Denny Hulme,33.0,2,3
1968,Derek Bell,0.0,0,0
1968,Frank Gardner,0.0,0,0
1968,Graham Hill,48.0,3,6
1968,Henri Pescarolo,0.0,0,0
1968,Hubert Hahne,0.0,0,0
1968,Jack Brabham,2.0,0,0
1968,Jackie Oliver,6.0,0,1
1968,Jackie Pretorius,0.0,0,0
1968,Jackie Stewart,36.0,3,4
1968,Jacky Ickx,27.0,1,4
1968,Jean-Pierre Beltoise,11.0,0,1
1968,Jim Clark,9.0,1,1
1968,Jo Bonnier,3.0,0,0
1968,Jo Schlesser,0.0,0,0
1968,Jo Siffert,12.0,1,1
1968,Jochen Rindt,8.0,0,2
1968,John Love,0.0,0,0
1968,John Surtees,12.0,0,2
1968,Johnny Servoz-Gavin,6.0,0,1
1968,Kurt Ahrens,0.0,0,0
1968,Lucien Bianchi,5.0,0,1
1968,Ludovico Scarfiotti,6.0,0,0
1968,Mario Andretti,0.0,0,0
1968,Mike Spence,0.0,0,0
1968,Moisés Solana,0.0,0,0
1968,Pedro Rodríguez,18.0,0,3
1968,Piers Courage,4.0,0,0
1968,Richard Attwood,6.0,0,1
1968,Robin Widdows,0.0,0,0
1968,Sam Tingle,0.0,0,0
1968,Silvio Moser,2.0,0,0
1968,Vic Elford,5.0,0,0
1969,Al Pease,0.0,0,0
1969,Basil van Rooyen,0.0,0,0
1969,Bill Brack,0.0,0,0
1969,Bruce McLaren,26.0,0,3
1969,Chris Amon,4.0,0,1
1969,Denny Hulme,20.0,1,2
1969,Derek Bell,0.0,0,0
1969,George Eaton,0.0,0,0
1969,Graham Hill,19.0,1,2
1969,Jack Brabham,14.0,0,2
1969,Jackie Oliver,1.0,0,0
1969,Jackie Stewart,63.0,6,7
1969,Jacky Ickx,37.0,2,5
1969,Jean-Pierre Beltoise,21.0,0,3
1969,Jo Bonnier,0.0,0,0
1969,Jo Siffert,15.0,0,2
1969,Jochen Rindt,22.0,1,3
1969,John Cordts,0.0,0,0
1969,John Love,0.0,0,0
1969,John Miles,0.0,0,0
1969,John Surtees,6.0,0,1
1969,Johnny Servoz-Gavin,1.0,0,0
1969,Mario Andretti,0.0,0,0
1969,Pedro Rodríguez,3.0,0,0
1969,Pete Lovely,0.0,0,0
1969,Peter de Klerk,0.0,0,0
1969,Piers Courage,16.0,0,2
1969,Richard Attwood,3.0,0,0
1969,Sam Tingle,0.0,0,0
1969,Silvio Moser,1.0,0,0
1969,Vic Elford,3.0,0,0
1970,Alex Soler-Roig,0.0,0,0
1970,Andrea de Adamich,0.0,0,0
1970,Brian Redman,0.0,0,0
1970,Bruce McLaren,6.0,0,1
1970,Chris Amon,23.0,0,3
1970,Clay Regazzoni,33.0,1,4
1970,Dan Gurney,1.0,0,0
1970,Dave Charlton,0.0,0,0
1970,Denny Hulme,27.0,0,4
1970,Derek Bell,1.0,0,0
1970,Emerson Fittipaldi,12.0,1,1
1970,François Cevert,1.0,0,0
1970,George Eaton,0.0,0,0
1970,Graham Hill,7.0,0,0
1970,Gus Hutchison,0.0,0,0
1970,Henri Pescarolo,8.0,0,1
1970,Hubert Hahne,0.0,0,0
1970,Ignazio Giunti,3.0,0,0
1970,Jack Brabham,25.0,1,4
1970,Jackie Oliver,2.0,0,0
1970,Jackie Stewart,25.0,1,4
1970,Jacky Ickx,40.0,3,5
1970,Jean-Pierre Beltoise,16.0,0,2
1970,Jo Bonnier,0.0,0,0
1970,Jo Siffert,0.0,0,0
1970,Jochen Rindt,45.0,5,5
1970,John Love,0.0,0,0
1970,John Miles,2.0,0,0
1970,John Surtees,3.0,0,0
1970,Johnny Servoz-Gavin,2.0,0,0
1970,Mario Andretti,4.0,0,1
1970,Nanni Galli,0.0,0,0
1970,Pedro Rodríguez,23.0,1,2
1970,Pete Lovely,0.0,0,0
1970,Peter Gethin,1.0,0,0
1970,Peter Westbury,0.0,0,0
1970,Peter de Klerk,0.0,0,0
1970,Piers Courage,0.0,0,0
1970,Reine Wisell,4.0,0,1
1970,Rolf Stommelen,10.0,0,1
1970,Ronnie Peterson,0.0,0,0
1970,Silvio Moser,0.0,0,0
1970,Tim Schenken,0.0,0,0
1971,Alex Soler-Roig,0.0,0,0
1971,Andrea de Adamich,0.0,0,0
1971,Brian Redman,0.0,0,0
1971,Chris Amon,9.0,0,1
1971,Chris Craft,0.0,0,0
1971,Clay Regazzoni,13.0,0,3
1971,Dave Charlton,0.0,0,0
1971,David Hobbs,0.0,0,0
1971,David Walker,0.0,0,0
1971,Denny Hulme,9.0,0,0
1971,Derek Bell,0.0,0,0
1971,Emerson Fittipaldi,16.0,0,3
1971,François Cevert,26.0,1,4
1971,François Mazet,0.0,0,0
1971,George Eaton,0.0,0,0
1971,Gijs van Lennep,0.0,0,0
1971,Graham Hill,2.0,0,0
1971,Helmut Marko,0.0,0,0
1971,Henri Pescarolo,4.0,0,0
1971,Howden Ganley,5.0,0,0
1971,Jackie Oliver,0.0,0,0
1971,Jackie Pretorius,0.0,0,0
1971,Jackie Stewart,62.0,6,7
1971,Jacky Ickx,19.0,1,3
1971,Jean-Pierre Beltoise,1.0,0,0
1971,Jean-Pierre Jarier,0.0,0,0
1971,Jo Bonnier,0.0,0,0
1971,Jo Siffert,19.0,1,2
1971,John Cannon,0.0,0,0
1971,John Love,0.0,0,0
1971,John Surtees,3.0,0,0
1971,Mario Andretti,12.0,1,1
1971,Mark Donohue,4.0,0,1
1971,Max Jean,0.0,0,0
1971,Mike Beuttler,0.0,0,0
1971,Mike Hailwood,3.0,0,0
1971,Nanni Galli,0.0,0,0
1971,Niki Lauda,0.0,0,0
1971,Pedro Rodríguez,9.0,0,1
1971,Pete Lovely,0.0,0,0
1971,Peter Gethin,9.0,1,1
1971,Peter Revson,0.0,0,0
1971,Reine Wisell,9.0,0,0
1971,Rolf Stommelen,3.0,0,0
1971,Ronnie Peterson,33.0,0,5
1971,Sam Posey,0.0,0,0
1971,Silvio Moser,0.0,0,0
1971,Skip Barber,0.0,0,0
1971,Tim Schenken,5.0,0,1
1971,Vic Elford,0.0,0,0
1972,Alex Soler-Roig,0.0,0,0
1972,Andrea de Adamich,3.0,0,0
1972,Arturo Merzario,1.0,0,0
1972,Bill Brack,0.0,0,0
1972,Brian Redman,4.0,0,0
1972,Carlos Pace,3.0,0,0
1972,Carlos Reutemann,3.0,0,0
1972,Chris Amon,12.0,0,1
1972,Clay Regazzoni,15.0,0,2
1972,Dave Charlton,0.0,0,0
1972,David Walker,0.0,0,0
1972,Denny Hulme,39.0,1,7
1972,Derek Bell,0.0,0,0
1972,Emerson Fittipaldi,61.0,5,8
1972,François Cevert,15.0,0,2
1972,François Migault,0.0,0,0
1972,Graham Hill,4.0,0,0
1972,Helmut Marko,0.0,0,0
1972,Henri Pescarolo,0.0,0,0
1972,Howden Ganley,4.0,0,0
1972,Jackie Oliver,0.0,0,0
1972,Jackie Stewart,45.0,4,5
1972,Jacky Ickx,27.0,1,4
1972,Jean-Pierre Beltoise,9.0,1,1
1972,Jody Scheckter,0.0,0,0
1972,John Love,0.0,0,0
1972,John Surtees,0.0,0,0
1972,Mario Andretti,4.0,0,0
1972,Mike Beuttler,0.0,0,0
1972,Mike Hailwood,13.0,0,1
1972,Nanni Galli,0.0,0,0
1972,Niki Lauda,0.0,0,0
1972,Patrick Depailler,0.0,0,0
1972,Peter Gethin,1.0,0,0
1972,Peter Revson,23.0,0,4
1972,Reine Wisell,0.0,0,0
1972,Rolf Stommelen,0.0,0,0
1972,Ronnie Peterson,12.0,0,1
1972,Sam Posey,0.0,0,0
1972,Skip Barber,0.0,0,0
1972,Tim Schenken,2.0,0,0
1972,Wilson Fittipaldi,0.0,0,0
1973,Andrea de Adamich,3.0,0,0
1973,Arturo Merzario,6.0,0,0
1973,Brian Redman,0.0,0,0
1973,Carlos Pace,7.0,0,1
1973,Carlos Reutemann,16.0,0,2
1973,Chris Amon,1.0,0,0
1973,Clay Regazzoni,2.0,0,0
1973,Dave Charlton,0.0,0,0
1973,David Purley,0.0,0,0
1973,Denny Hulme,26.0,1,3
1973,Eddie Keizan,0.0,0,0
1973,Emerson Fittipaldi,55.0,3,8
1973,François Cevert,47.0,0,7
1973,George Follmer,5.0,0,1
1973,Gijs van Lennep,1.0,0,0
1973,Graham Hill,0.0,0,0
1973,Graham McRae,0.0,0,0
1973,Henri Pescarolo,0.0,0,0
1973,Howden Ganley,1.0,0,0
1973,Jackie Oliver,4.0,0,1
1973,Jackie Pretorius,0.0,0,0
1973,Jackie Stewart,71.0,5,8
1973,Jacky Ickx,12.0,0,1
1973,James Hunt,14.0,0,2
1973,Jean-Pierre Beltoise,9.0,0,0
1973,Jean-Pierre Jarier,0.0,0,0
1973,Jochen Mass,0.0,0,0
1973,Jody Scheckter,0.0,0,0
1973,John Watson,0.0,0,0
1973,Luiz Bueno,0.0,0,0
1973,Mike Beuttler,0.0,0,0
1973,Mike Hailwood,0.0,0,0
1973,Nanni Galli,0.0,0,0
1973,Niki Lauda,2.0,0,0
1973,Peter Gethin,0.0,0,0
1973,Peter Revson,38.0,2,4
1973,Reine Wisell,0.0,0,0
1973,Rikky von Opel,0.0,0,0
1973,Roger Williamson,0.0,0,0
1973,Rolf Stommelen,0.0,0,0
1973,Ronnie Peterson,52.0,4,7
1973,Tim Schenken,0.0,0,0
1973,Wilson Fittipaldi,3.0,0,0
1974,Arturo Merzario,4.0,0,0
1974,Bertil Roos,0.0,0,0
1974,Brian Redman,0.0,0,0
1974,Carlo Facetti,0.0,0,0
1974,Carlos Pace,11.0,0,1
1974,Carlos Reutemann,32.0,3,4
1974,Chris Amon,0.0,0,0
1974,Clay Regazzoni,52.0,1,7
1974,Dave Charlton,0.0,0,0
1974,David Hobbs,0.0,0,0
1974,David Purley,0.0,0,0
1974,Denny Hulme,20.0,1,2
1974,Derek Bell,0.0,0,0
1974,Dieter Quester,0.0,0,0
1974,Eddie Keizan,0.0,0,0
1974,Emerson Fittipaldi,55.0,3,7
1974,Eppie Wietzes,0.0,0,0
1974,François Migault,0.0,0,0
1974,Gijs van Lennep,0.0,0,0
1974,Graham Hill,1.0,0,0
1974,Guy Edwards,0.0,0,0
1974,Gérard Larrousse,0.0,0,0
1974,Hans-Joachim Stuck,5.0,0,0
1974,Helmuth Koinigg,0.0,0,0
1974,Henri Pescarolo,0.0,0,0
1974,Howden Ganley,0.0,0,0
1974,Ian Ashley,0.0,0,0
1974,Ian Scheckter,0.0,0,0
1974,Jacky Ickx,12.0,0,2
1974,Jacques Laffite,0.0,0,0
1974,James Hunt,15.0,0,3
1974,Jean-Pierre Beltoise,10.0,0,1
1974,Jean-Pierre Jabouille,0.0,0,0
1974,Jean-Pierre Jarier,6.0,0,1
1974,Jochen Mass,0.0,0,0
1974,Jody Scheckter,45.0,2,6
1974,John Nicholson,0.0,0,0
1974,John Watson,6.0,0,0
1974,José Dolhem,0.0,0,0
1974,Larry Perkins,0.0,0,0
1974,Lella Lombardi,0.0,0,0
1974,Leo Kinnunen,0.0,0,0
1974,Mario Andretti,0.0,0,0
1974,Mark Donohue,0.0,0,0
1974,Mike Hailwood,12.0,0,1
1974,Mike Wilds,0.0,0,0
1974,Niki Lauda,38.0,2,5
1974,Paddy Driver,0.0,0,0
1974,Patrick Depailler,14.0,0,1
1974,Peter Gethin,0.0,0,0
1974,Peter Revson,0.0,0,0
1974,Reine Wisell,0.0,0,0
1974,Richard Robarts,0.0,0,0
1974,Rikky von Opel,0.0,0,0
1974,Rolf Stommelen,0.0,0,0
1974,Ronnie Peterson,35.0,3,4
1974,Teddy Pilette,0.0,0,0
1974,Tim Schenken,0.0,0,0
1974,Tom Belsø,0.0,0,0
1974,Tom Pryce,1.0,0,0
1974,Vern Schuppan,0.0,0,0
1974,Vittorio Brambilla,1.0,0,0
1975,Alan Jones,2.0,0,0
1975,Arturo Merzario,0.0,0,0
1975,Bob Evans,0.0,0,0
1975,Brett Lunger,0.0,0,0
1975,Brian Henton,0.0,0,0
1975,Carlos Pace,24.0,1,3
1975,Carlos Reutemann,37.0,1,6
1975,Chris Amon,0.0,0,0
1975,Clay Regazzoni,25.0,1,3
1975,Damien Magee,0.0,0,0
1975,Dave Charlton,0.0,0,0
1975,Dave Morgan,0.0,0,0
1975,Eddie Keizan,0.0,0,0
1975,Emerson Fittipaldi,45.0,2,6
1975,François Migault,0.0,0,0
1975,Gijs van Lennep,1.0,0,0
1975,Graham Hill,0.0,0,0
1975,Guy Tunmer,0.0,0,0
1975,Hans-Joachim Stuck,0.0,0,0
1975,Harald Ertl,0.0,0,0
1975,Hiroshi Fushida,0.0,0,0
1975,Ian Ashley,0.0,0,0
1975,Ian Scheckter,0.0,0,0
1975,Jacky Ickx,3.0,0,1
1975,Jacques Laffite,6.0,0,1
1975,James Hunt,33.0,1,4
1975,Jean-Pierre Jabouille,0.0,0,0
1975,Jean-Pierre Jarier,1.5,0,0
1975,Jim Crawford,0.0,0,0
1975,Jo Vonlanthen,0.0,0,0
1975,Jochen Mass,20.0,1,4
1975,Jody Scheckter,20.0,1,3
1975,John Nicholson,0.0,0,0
1975,John Watson,0.0,0,0
1975,Lella Lombardi,0.5,0,0
1975,Mario Andretti,5.0,0,0
1975,Mark Donohue,4.0,0,0
1975,Michel Leclère,0.0,0,0
1975,Mike Wilds,0.0,0,0
1975,Niki Lauda,64.5,5,8
1975,Patrick Depailler,12.0,0,1
1975,Renzo Zorzi,0.0,0,0
1975,Roelof Wunderink,0.0,0,0
1975,Rolf Stommelen,0.0,0,0
1975,Ronnie Peterson,6.0,0,0
1975,Tom Pryce,8.0,0,1
1975,Tony Brise,1.0,0,0
1975,Tony Trimmer,0.0,0,0
1975,Torsten Palm,0.0,0,0
1975,Vern Schuppan,0.0,0,0
1975,Vittorio Brambilla,6.5,1,1
1975,Wilson Fittipaldi,0.0,0,0
1976,Alan Jones,7.0,0,0
1976,Alessandro Pesenti-Rossi,0.0,0,0
1976,Alex Ribeiro,0.0,0,0
1976,Arturo Merzario,0.0,0,0
1976,Bob Evans,0.0,0,0
1976,Boy Lunger,0.0,0,0
1976,Brett Lunger,0.0,0,0
1976,Carlos Pace,7.0,0,0
1976,Carlos Reutemann,3.0,0,0
1976,Chris Amon,2.0,0,0
1976,Clay Regazzoni,31.0,1,4
1976,Conny Andersson,0.0,0,0
1976,Damien Magee,0.0,0,0
1976,Divina Galica,0.0,0,0
1976,Emerson Fittipaldi,3.0,0,0
1976,Emilio Zapico,0.0,0,0
1976,Emilio de Villota,0.0,0,0
1976,Gunnar Nilsson,11.0,0,2
1976,Guy Edwards,0.0,0,0
1976,Hans Binder,0.0,0,0
1976,Hans-Joachim Stuck,8.0,0,0
1976,Harald Ertl,0.0,0,0
1976,Henri Pescarolo,0.0,0,0
1976,Ian Ashley,0.0,0,0
1976,Ian Scheckter,0.0,0,0
1976,Ingo Hoffmann,0.0,0,0
1976,Jac Nelleman,0.0,0,0
1976,Jacky Ickx,0.0,0,0
1976,Jacques Laffite,20.0,0,3
1976,James Hunt,69.0,6,8
1976,Jean-Pierre Jarier,0.0,0,0
1976,Jochen Mass,19.0,0,2
1976,Jody Scheckter,49.0,1,5
1976,John Watson,20.0,1,3
1976,Kazuyoshi Hoshino,0.0,0,0
1976,Larry Perkins,0.0,0,0
1976,Lella Lombardi,0.0,0,0
1976,Loris Kessel,0.0,0,0
1976,Mario Andretti,22.0,1,3
1976,Masahiro Hasemi,0.0,0,0
1976,Michel Leclère,0.0,0,0
1976,Mike Wilds,0.0,0,0
1976,Niki Lauda,68.0,5,9
1976,Noritake Takahara,0.0,0,0
1976,Otto Stuppacher,0.0,0,0
1976,Patrick Depailler,39.0,0,7
1976,Patrick Nève,0.0,0,0
1976,Renzo Zorzi,0.0,0,0
1976,Rolf Stommelen,1.0,0,0
1976,Ronnie Peterson,10.0,1,1
1976,Tom Pryce,10.0,0,1
1976,Tony Trimmer,0.0,0,0
1976,Vittorio Brambilla,1.0,0,0
1976,Warwick Brown,0.0,0,0
1977,Alan Jones,22.0,1,2
1977,Alex Ribeiro,0.0,0,0
1977,Andy Sutcliffe,0.0,0,0
1977,Arturo Merzario,0.0,0,0
1977,Bernard de Dryver,0.0,0,0
1977,Boy Lunger,0.0,0,0
1977,Brett Lunger,0.0,0,0
1977,Brian Henton,0.0,0,0
1977,Brian McGuire,0.0,0,0
1977,Bruno Giacomelli,0.0,0,0
1977,Carlos Pace,6.0,0,1
1977,Carlos Reutemann,42.0,1,6
1977,Clay Regazzoni,5.0,0,0
1977,Conny Andersson,0.0,0,0
1977,Danny Ongais,0.0,0,0
1977,David Purley,0.0,0,0
1977,Emerson Fittipaldi,11.0,0,0
1977,Emilio de Villota,0.0,0,0
1977,Gilles Villeneuve,0.0,0,0
1977,Giorgio Francia,0.0,0,0
1977,Gunnar Nilsson,20.0,1,2
1977,Guy Edwards,0.0,0,0
1977,Hans Binder,0.0,0,0
1977,Hans Heyer,0.0,0,0
1977,Hans-Joachim Stuck,12.0,0,2
1977,Harald Ertl,0.0,0,0
1977,Hector Rebaque,0.0,0,0
1977,Ian Ashley,0.0,0,0
1977,Ian Scheckter,0.0,0,0
1977,Ingo Hoffmann,0.0,0,0
1977,Jackie Oliver,0.0,0,0
1977,Jacky Ickx,0.0,0,0
1977,Jacques Laffite,18.0,1,2
1977,James Hunt,40.0,3,5
1977,Jean-Pierre Jabouille,0.0,0,0
1977,Jean-Pierre Jarier,1.0,0,0
1977,Jochen Mass,25.0,0,2
1977,Jody Scheckter,55.0,3,9
1977,John Watson,9.0,0,1
1977,Kazuyoshi Hoshino,0.0,0,0
1977,Kunimitsu Takahashi,0.0,0,0
1977,Lamberto Leoni,0.0,0,0
1977,Larry Perkins,0.0,0,0
1977,Loris Kessel,0.0,0,0
1977,Mario Andretti,47.0,4,5
1977,Michael Bleekemolen,0.0,0,0
1977,Mikko Kozarowitzky,0.0,0,0
1977,Niki Lauda,72.0,3,10
1977,Noritake Takahara,0.0,0,0
1977,Patrick Depailler,20.0,0,3
1977,Patrick Nève,0.0,0,0
1977,Patrick Tambay,5.0,0,0
1977,Renzo Zorzi,1.0,0,0
1977,Riccardo Patrese,1.0,0,0
1977,Ronnie Peterson,7.0,0,1
1977,Rupert Keegan,0.0,0,0
1977,Teddy Pilette,0.0,0,0
1977,Tom Pryce,0.0,0,0
1977,Tony Trimmer,0.0,0,0
1977,Vern Schuppan,0.0,0,0
1977,Vittorio Brambilla,6.0,0,0
1978,Alan Jones,11.0,0,1
1978,Alberto Colombo,0.0,0,0
1978,Arturo Merzario,0.0,0,0
1978,Beppe Gabbiani,0.0,0,0
1978,Bobby Rahal,0.0,0,0
1978,Brett Lunger,0.0,0,0
1978,Bruno Giacomelli,0.0,0,0
1978,Carlo Franchi,0.0,0,0
1978,Carlos Reutemann,48.0,4,7
1978,Clay Regazzoni,4.0,0,0
1978,Danny Ongais,0.0,0,0
1978,Derek Daly,1.0,0,0
1978,Didier Pironi,7.0,0,0
1978,Divina Galica,0.0,0,0
1978,Eddie Cheever,0.0,0,0
1978,Emerson Fittipaldi,17.0,0,1
1978,Emilio de Villota,0.0,0,0
1978,Geoff Lees,0.0,0,0
1978,Gilles Villeneuve,17.0,1,2
1978,Hans Binder,0.0,0,0
1978,Hans-Joachim Stuck,2.0,0,0
1978,Harald Ertl,0.0,0,0
1978,Hector Rebaque,1.0,0,0
1978,Jacky Ickx,0.0,0,0
1978,Jacques Laffite,19.0,0,2
1978,James Hunt,8.0,0,1
1978,Jean-Pierre Jabouille,3.0,0,0
1978,Jean-Pierre Jarier,0.0,0,0
1978,Jochen Mass,0.0,0,0
1978,Jody Scheckter,24.0,0,4
1978,John Watson,25.0,0,3
1978,Keke Rosberg,0.0,0,0
1978,Lamberto Leoni,0.0,0,0
1978,Mario Andretti,64.0,6,7
1978,Michael Bleekemolen,0.0,0,0
1978,Nelson Piquet,0.0,0,0
1978,Niki Lauda,44.0,2,7
1978,Patrick Depailler,34.0,1,5
1978,Patrick Tambay,8.0,0,0
1978,René Arnoux,0.0,0,0
1978,Riccardo Patrese,11.0,0,1
1978,Rolf Stommelen,0.0,0,0
1978,Ronnie Peterson,51.0,2,7
1978,Rupert Keegan,0.0,0,0
1978,Tony Trimmer,0.0,0,0
1978,Vittorio Brambilla,1.0,0,0
1979,Alan Jones,43.0,4,5
1979,Alex Ribeiro,0.0,0,0
1979,Arturo Merzario,0.0,0,0
1979,Bruno Giacomelli,0.0,0,0
1979,Carlos Reutemann,25.0,0,4
1979,Clay Regazzoni,32.0,1,5
1979,Derek Daly,0.0,0,0
1979,Didier Pironi,14.0,0,2
1979,Elio de Angelis,3.0,0,0
1979,Emerson Fittipaldi,1.0,0,0
1979,Geoff Lees,0.0,0,0
1979,Gianfranco Brancatelli,0.0,0,0
1979,Gilles Villeneuve,53.0,3,7
1979,Hans-Joachim Stuck,2.0,0,0
1979,Hector Rebaque,0.0,0,0
1979,Jacky Ickx,3.0,0,0
1979,Jacques Laffite,36.0,2,6
1979,James Hunt,0.0,0,0
1979,Jan Lammers,0.0,0,0
1979,Jean-Pierre Jabouille,9.0,1,1
1979,Jean-Pierre Jarier,14.0,0,2
1979,Jochen Mass,3.0,0,0
1979,Jody Scheckter,60.0,3,6
1979,John Watson,15.0,0,1
1979,Keke Rosberg,0.0,0,0
1979,Marc Surer,0.0,0,0
1979,Mario Andretti,14.0,0,1
1979,Nelson Piquet,3.0,0,0
1979,Niki Lauda,4.0,0,0
1979,Patrick Depailler,22.0,1,2
1979,Patrick Gaillard,0.0,0,0
1979,Patrick Tambay,0.0,0,0
1979,René Arnoux,17.0,0,3
1979,Ricardo Zunino,0.0,0,0
1979,Riccardo Patrese,2.0,0,0
1979,Vittorio Brambilla,0.0,0,0
1980,Alain Prost,5.0,0,0
1980,Alan Jones,71.0,5,10
1980,Andrea de Cesaris,0.0,0,0
1980,Bruno Giacomelli,4.0,0,0
1980,Carlos Reutemann,49.0,1,8
1980,Clay Regazzoni,0.0,0,0
1980,Dave Kennedy,0.0,0,0
1980,Derek Daly,6.0,0,0
1980,Desiré Wilson,0.0,0,0
1980,Didier Pironi,32.0,1,5
1980,Eddie Cheever,0.0,0,0
1980,Elio de Angelis,13.0,0,1
1980,Emerson Fittipaldi,5.0,0,1
1980,Geoff Lees,0.0,0,0
1980,Gilles Villeneuve,6.0,0,0
1980,Harald Ertl,0.0,0,0
1980,Hector Rebaque,1.0,0,0
1980,Jacques Laffite,34.0,1,5
1980,Jan Lammers,0.0,0,0
1980,Jean-Pierre Jabouille,9.0,1,1
1980,Jean-Pierre Jarier,6.0,0,0
1980,Jochen Mass,4.0,0,0
1980,Jody Scheckter,2.0,0,0
1980,John Watson,6.0,0,0
1980,Keke Rosberg,6.0,0,1
1980,Kevin Cogan,0.0,0,0
1980,Manfred Winkelhock,0.0,0,0
1980,Marc Surer,0.0,0,0
1980,Mario Andretti,1.0,0,0
1980,Mike Thackwell,0.0,0,0
1980,Nelson Piquet,54.0,3,6
1980,Nigel Mansell,0.0,0,0
1980,Patrick Depailler,0.0,0,0
1980,René Arnoux,29.0,2,3
1980,Ricardo Zunino,0.0,0,0
1980,Riccardo Patrese,7.0,0,1
1980,Rupert Keegan,0.0,0,0
1980,Stefan Johansson,0.0,0,0
1980,Stephen South,0.0,0,0
1980,Tiff Needell,0.0,0,0
1980,Vittorio Brambilla,0.0,0,0
1981,Alain Prost,43.0,3,6
1981,Alan Jones,46.0,2,6
1981,Andrea de Cesaris,1.0,0,0
1981,Beppe Gabbiani,0.0,0,0
1981,Brian Henton,0.0,0,0
1981,Bruno Giacomelli,7.0,0,1
1981,Carlos Reutemann,49.0,2,7
1981,Chico Serra,0.0,0,0
1981,Derek Daly,0.0,0,0
1981,Derek Warwick,0.0,0,0
1981,Didier Pironi,9.0,0,0
1981,Eddie Cheever,10.0,0,0
1981,Elio de Angelis,14.0,0,0
1981,Eliseo Salazar,1.0,0,0
1981,Gilles Villeneuve,25.0,2,3
1981,Giorgio Francia,0.0,0,0
1981,Hector Rebaque,11.0,0,0
1981,Jacques Laffite,44.0,2,7
1981,Jacques Villeneuve Sr.,0.0,0,0
1981,Jan Lammers,0.0,0,0
1981,Jean-Pierre Jabouille,0.0,0,0
1981,Jean-Pierre Jarier,0.0,0,0
1981,John Watson,27.0,1,4
1981,Keke Rosberg,0.0,0,0
1981,Kevin Cogan,0.0,0,0
1981,Marc Surer,4.0,0,0
1981,Mario Andretti,3.0,0,0
1981,Michele Alboreto,0.0,0,0
1981,Miguel Ángel Guerra,0.0,0,0
1981,Nelson Piquet,50.0,3,7
1981,Nigel Mansell,8.0,0,1
1981,Patrick Tambay,1.0,0,0
1981,Piercarlo Ghinzani,0.0,0,0
1981,René Arnoux,11.0,0,1
1981,Ricardo Londoño,0.0,0,0
1981,Ricardo Zunino,0.0,0,0
1981,Riccardo Patrese,10.0,0,2
1981,Siegfried Stohr,0.0,0,0
1981,Slim Borgudd,1.0,0,0
1982,Alain Prost,34.0,2,4
1982,Andrea de Cesaris,5.0,0,1
1982,Brian Henton,0.0,0,0
1982,Bruno Giacomelli,2.0,0,0
1982,Carlos Reutemann,6.0,0,1
1982,Chico Serra,1.0,0,0
1982,Derek Daly,8.0,0,0
1982,Derek Warwick,0.0,0,0
1982,Didier Pironi,39.0,2,6
1982,Eddie Cheever,15.0,0,3
1982,Elio de Angelis,23.0,1,1
1982,Eliseo Salazar,2.0,0,0
1982,Emilio de Villota,0.0,0,0
1982,Geoff Lees,0.0,0,0
1982,Gilles Villeneuve,6.0,0,1
1982,Jacques Laffite,5.0,0,1
1982,Jan Lammers,0.0,0,0
1982,Jean-Pierre Jarier,3.0,0,0
1982,Jochen Mass,0.0,0,0
1982,John Watson,39.0,2,5
1982,Keke Rosberg,44.0,1,6
1982,Manfred Winkelhock,2.0,0,0
1982,Marc Surer,3.0,0,0
1982,Mario Andretti,4.0,0,1
1982,Mauro Baldi,2.0,0,0
1982,Michele Alboreto,25.0,1,2
1982,Nelson Piquet,20.0,1,2
1982,Nigel Mansell,7.0,0,1
1982,Niki Lauda,30.0,2,3
1982,Patrick Tambay,25.0,1,3
1982,Raul Boesel,0.0,0,0
1982,René Arnoux,28.0,2,4
1982,Riccardo Paletti,0.0,0,0
1982,Riccardo Patrese,21.0,1,3
1982,Roberto Guerrero,0.0,0,0
1982,Roberto Moreno,0.0,0,0
1982,Rupert Keegan,0.0,0,0
1982,Slim Borgudd,0.0,0,0
1982,Teo Fabi,0.0,0,0
1982,Tommy Byrne,0.0,0,0
1983,Alain Prost,57.0,4,7
1983,Alan Jones,0.0,0,0
1983,Andrea de Cesaris,15.0,0,2
1983,Bruno Giacomelli,1.0,0,0
1983,Chico Serra,0.0,0,0
1983,Corrado Fabi,0.0,0,0
1983,Danny Sullivan,2.0,0,0
1983,Derek Warwick,9.0,0,0
1983,Eddie Cheever,22.0,0,4
1983,Elio de Angelis,2.0,0,0
1983,Eliseo Salazar,0.0,0,0
1983,Jacques Laffite,11.0,0,1
1983,Jacques Villeneuve Sr.,0.0,0,0
1983,Jean-Louis Schlesser,0.0,0,0
1983,Jean-Pierre Jarier,0.0,0,0
1983,John Watson,22.0,1,3
1983,Johnny Cecotto,1.0,0,0
1983,Jonathan Palmer,0.0,0,0
1983,Keke Rosberg,27.0,1,2
1983,Kenny Acheson,0.0,0,0
1983,Manfred Winkelhock,0.0,0,0
1983,Marc Surer,4.0,0,0
1983,Mauro Baldi,3.0,0,0
1983,Michele Alboreto,10.0,1,1
1983,Nelson Piquet,59.0,3,8
1983,Nigel Mansell,10.0,0,1
1983,Niki Lauda,12.0,0,2
1983,Patrick Tambay,40.0,1,5
1983,Piercarlo Ghinzani,0.0,0,0
1983,Raul Boesel,0.0,0,0
1983,René Arnoux,49.0,3,7
1983,Riccardo Patrese,13.0,1,2
1983,Roberto Guerrero,0.0,0,0
1983,Stefan Johansson,0.0,0,0
1983,Thierry Boutsen,0.0,0,0
1984,Alain Prost,71.5,7,9
1984,Andrea de Cesaris,3.0,0,0
1984,Ayrton Senna,13.0,0,3
1984,Corrado Fabi,0.0,0,0
1984,Derek Warwick,23.0,0,4
1984,Eddie Cheever,3.0,0,0
1984,Elio de Angelis,34.0,0,4
1984,François Hesnault,0.0,0,0
1984,Gerhard Berger,0.0,0,0
1984,Huub Rothengatter,0.0,0,0
1984,Jacques Laffite,5.0,0,0
1984,Jo Gartner,0.0,0,0
1984,Johnny Cecotto,0.0,0,0
1984,Jonathan Palmer,0.0,0,0
1984,Keke Rosberg,20.5,1,2
1984,Manfred Winkelhock,0.0,0,0
1984,Marc Surer,1.0,0,0
1984,Martin Brundle,0.0,0,0
1984,Mauro Baldi,0.0,0,0
1984,Michele Alboreto,30.5,1,4
1984,Mike Thackwell,0.0,0,0
1984,Nelson Piquet,29.0,2,4
1984,Nigel Mansell,13.0,0,2
1984,Niki Lauda,72.0,5,9
1984,Patrick Tambay,11.0,0,1
1984,Philippe Alliot,0.0,0,0
1984,Philippe Streiff,0.0,0,0
1984,Piercarlo Ghinzani,2.0,0,0
1984,Pierluigi Martini,0.0,0,0
1984,René Arnoux,27.0,0,4
1984,Riccardo Patrese,8.0,0,1
1984,Stefan Bellof,0.0,0,0
1984,Stefan Johansson,3.0,0,0
1984,Teo Fabi,9.0,0,1
1984,Thierry Boutsen,5.0,0,0
1985,Alain Prost,76.0,5,11
1985,Alan Jones,0.0,0,0
1985,Andrea de Cesaris,3.0,0,0
1985,Ayrton Senna,38.0,2,6
1985,Christian Danner,0.0,0,0
1985,Derek Warwick,5.0,0,0
1985,Eddie Cheever,0.0,0,0
1985,Elio de Angelis,33.0,1,3
1985,François Hesnault,0.0,0,0
1985,Gerhard Berger,3.0,0,0
1985,Huub Rothengatter,0.0,0,0
1985,Ivan Capelli,3.0,0,0
1985,Jacques Laffite,16.0,0,3
1985,John Watson,0.0,0,0
1985,Jonathan Palmer,0.0,0,0
1985,Keke Rosberg,40.0,2,5
1985,Kenny Acheson,0.0,0,0
1985,Manfred Winkelhock,0.0,0,0
1985,Marc Surer,5.0,0,0
1985,Martin Brundle,0.0,0,0
1985,Mauro Baldi,0.0,0,0
1985,Michele Alboreto,53.0,2,8
1985,Nelson Piquet,21.0,1,2
1985,Nigel Mansell,31.0,2,3
1985,Niki Lauda,14.0,1,1
1985,Patrick Tambay,11.0,0,2
1985,Philippe Alliot,0.0,0,0
1985,Philippe Streiff,4.0,0,1
1985,Piercarlo Ghinzani,0.0,0,0
1985,Pierluigi Martini,0.0,0,0
1985,René Arnoux,3.0,0,0
1985,Riccardo Patrese,0.0,0,0
1985,Stefan Bellof,4.0,0,0
1985,Stefan Johansson,26.0,0,2
1985,Teo Fabi,0.0,0,0
1985,Thierry Boutsen,11.0,0,1
1986,Alain Prost,74.0,4,11
1986,Alan Jones,4.0,0,0
1986,Alessandro Nannini,0.0,0,0
1986,Alex Caffi,0.0,0,0
1986,Allen Berg,0.0,0,0
1986,Andrea de Cesaris,0.0,0,0
1986,Ayrton Senna,55.0,2,8
1986,Christian Danner,1.0,0,0
1986,Derek Warwick,0.0,0,0
1986,Eddie Cheever,0.0,0,0
1986,Elio de Angelis,0.0,0,0
1986,Gerhard Berger,17.0,1,2
1986,Huub Rothengatter,0.0,0,0
1986,Ivan Capelli,0.0,0,0
1986,Jacques Laffite,14.0,0,2
1986,Johnny Dumfries,3.0,0,0
1986,Jonathan Palmer,0.0,0,0
1986,Keke Rosberg,22.0,0,1
1986,Marc Surer,0.0,0,0
1986,Martin Brundle,8.0,0,0
1986,Michele Alboreto,14.0,0,1
1986,Nelson Piquet,69.0,4,10
1986,Nigel Mansell,72.0,5,9
1986,Patrick Tambay,2.0,0,0
1986,Philippe Alliot,1.0,0,0
1986,Philippe Streiff,3.0,0,0
1986,Piercarlo Ghinzani,0.0,0,0
1986,René Arnoux,14.0,0,0
1986,Riccardo Patrese,2.0,0,0
1986,Stefan Johansson,23.0,0,4
1986,Teo Fabi,2.0,0,0
1986,Thierry Boutsen,0.0,0,0
1987,Adrián Campos,0.0,0,0
1987,Alain Prost,46.0,3,7
1987,Alessandro Nannini,0.0,0,0
1987,Alex Caffi,0.0,0,0
1987,Andrea de Cesaris,4.0,0,1
1987,Ayrton Senna,57.0,2,8
1987,Christian Danner,0.0,0,0
1987,Derek Warwick,3.0,0,0
1987,Eddie Cheever,8.0,0,0
1987,Franco Forini,0.0,0,0
1987,Gabriele Tarquini,0.0,0,0
1987,Gerhard Berger,36.0,2,3
1987,Ivan Capelli,1.0,0,0
1987,Jonathan Palmer,7.0,0,0
1987,Martin Brundle,2.0,0,0
1987,Michele Alboreto,17.0,0,3
1987,Nelson Piquet,76.0,3,11
1987,Nicola Larini,0.0,0,0
1987,Nigel Mansell,61.0,6,7
1987,Pascal Fabre,0.0,0,0
1987,Philippe Alliot,3.0,0,0
1987,Philippe Streiff,4.0,0,0
1987,Piercarlo Ghinzani,0.0,0,0
1987,René Arnoux,1.0,0,0
1987,Riccardo Patrese,6.0,0,1
1987,Roberto Moreno,1.0,0,0
1987,Satoru Nakajima,7.0,0,0
1987,Stefan Johansson,30.0,0,5
1987,Stefano Modena,0.0,0,0
1987,Teo Fabi,12.0,0,1
1987,Thierry Boutsen,16.0,0,1
1987,Yannick Dalmas,0.0,0,0
1988,Adrián Campos,0.0,0,0
1988,Aguri Suzuki,0.0,0,0
1988,Alain Prost,105.0,7,14
1988,Alessandro Nannini,12.0,0,2
1988,Alex Caffi,0.0,0,0
1988,Andrea de Cesaris,3.0,0,0
1988,Ayrton Senna,94.0,8,11
1988,Bernd Schneider,0.0,0,0
1988,Derek Warwick,17.0,0,0
1988,Eddie Cheever,6.0,0,1
1988,Gabriele Tarquini,0.0,0,0
1988,Gerhard Berger,41.0,1,5
1988,Ivan Capelli,17.0,0,2
1988,Jean-Louis Schlesser,0.0,0,0
1988,Jonathan Palmer,5.0,0,0
1988,Julian Bailey,0.0,0,0
1988,Luis Pérez-Sala,0.0,0,0
1988,Martin Brundle,0.0,0,0
1988,Maurício Gugelmin,5.0,0,0
1988,Michele Alboreto,24.0,0,3
1988,Nelson Piquet,22.0,0,3
1988,Nicola Larini,0.0,0,0
1988,Nigel Mansell,12.0,0,2
1988,Oscar Larrauri,0.0,0,0
1988,Philippe Alliot,0.0,0,0
1988,Philippe Streiff,0.0,0,0
1988,Piercarlo Ghinzani,0.0,0,0
1988,Pierluigi Martini,1.0,0,0
1988,Pierre-Henri Raphanel,0.0,0,0
1988,René Arnoux,0.0,0,0
1988,Riccardo Patrese,8.0,0,0
1988,Satoru Nakajima,1.0,0,0
1988,Stefan Johansson,0.0,0,0
1988,Stefano Modena,0.0,0,0
1988,Thierry Boutsen,27.0,0,5
1988,Yannick Dalmas,0.0,0,0
1989,Aguri Suzuki,0.0,0,0
1989,Alain Prost,81.0,4,11
1989,Alessandro Nannini,32.0,1,4
1989,Alex Caffi,4.0,0,0
1989,Andrea de Cesaris,4.0,0,1
1989,Ayrton Senna,60.0,6,7
1989,Bernd Schneider,0.0,0,0
1989,Bertrand Gachot,0.0,0,0
1989,Christian Danner,3.0,0,0
1989,Derek Warwick,7.0,0,0
1989,Eddie Cheever,6.0,0,1
1989,Emanuele Pirro,2.0,0,0
1989,Enrico Bertaggia,0.0,0,0
1989,Gabriele Tarquini,1.0,0,0
1989,Gerhard Berger,21.0,1,3
1989,Gregor Foitek,0.0,0,0
1989,Ivan Capelli,0.0,0,0
1989,Jean Alesi,8.0,0,0
1989,Joachim Winkelhock,0.0,0,0
1989,Johnny Herbert,5.0,0,0
1989,Jonathan Palmer,2.0,0,0
1989,Jyrki Järvilehto,0.0,0,0
1989,Luis Pérez-Sala,1.0,0,0
1989,Martin Brundle,4.0,0,0
1989,Martin Donnelly,0.0,0,0
1989,Maurício Gugelmin,4.0,0,1
1989,Michele Alboreto,6.0,0,1
1989,Nelson Piquet,12.0,0,0
1989,Nicola Larini,0.0,0,0
1989,Nigel Mansell,38.0,2,6
1989,Olivier Grouillard,1.0,0,0
1989,Oscar Larrauri,0.0,0,0
1989,Paolo Barilla,0.0,0,0
1989,Philippe Alliot,1.0,0,0
1989,Piercarlo Ghinzani,0.0,0,0
1989,Pierluigi Martini,5.0,0,0
1989,Pierre-Henri Raphanel,0.0,0,0
1989,René Arnoux,2.0,0,0
1989,Riccardo Patrese,40.0,0,6
1989,Roberto Moreno,0.0,0,0
1989,Satoru Nakajima,3.0,0,0
1989,Stefan Johansson,6.0,0,1
1989,Stefano Modena,4.0,0,1
1989,Thierry Boutsen,37.0,2,5
1989,Volker Weidler,0.0,0,0
1989,Yannick Dalmas,0.0,0,0
1989,Éric Bernard,0.0,0,0
1990,Aguri Suzuki,6.0,0,1
1990,Alain Prost,73.0,5,9
1990,Alessandro Nannini,21.0,0,3
1990,Alex Caffi,2.0,0,0
1990,Andrea de Cesaris,0.0,0,0
1990,Ayrton Senna,78.0,6,11
1990,Bernd Schneider,0.0,0,0
1990,Bertrand Gachot,0.0,0,0
1990,Bruno Giacomelli,0.0,0,0
1990,Claudio Langes,0.0,0,0
1990,David Brabham,0.0,0,0
1990,Derek Warwick,3.0,0,0
1990,Emanuele Pirro,0.0,0,0
1990,Gabriele Tarquini,0.0,0,0
1990,Gary Brabham,0.0,0,0
1990,Gerhard Berger,43.0,0,7
1990,Gianni Morbidelli,0.0,0,0
1990,Gregor Foitek,0.0,0,0
1990,Ivan Capelli,6.0,0,1
1990,Jean Alesi,13.0,0,2
1990,Johnny Herbert,0.0,0,0
1990,Jyrki Järvilehto,0.0,0,0
1990,Martin Donnelly,0.0,0,0
1990,Maurício Gugelmin,1.0,0,0
1990,Michele Alboreto,0.0,0,0
1990,Nelson Piquet,44.0,2,4
1990,Nicola Larini,0.0,0,0
1990,Nigel Mansell,37.0,1,5
1990,Olivier Grouillard,0.0,0,0
1990,Paolo Barilla,0.0,0,0
1990,Philippe Alliot,0.0,0,0
1990,Pierluigi Martini,0.0,0,0
1990,Riccardo Patrese,23.0,1,1
1990,Roberto Moreno,6.0,0,1
1990,Satoru Nakajima,3.0,0,0
1990,Stefan Johansson,0.0,0,0
1990,Stefano Modena,2.0,0,0
1990,Thierry Boutsen,34.0,1,3
1990,Yannick Dalmas,0.0,0,0
1990,Éric Bernard,5.0,0,0
1991,Aguri Suzuki,1.0,0,0
1991,Alain Prost,34.0,0,5
1991,Alessandro Zanardi,0.0,0,0
1991,Alex Caffi,0.0,0,0
1991,Andrea de Cesaris,9.0,0,0
1991,Ayrton Senna,96.0,7,12
1991,Bertrand Gachot,4.0,0,0
1991,Emanuele Pirro,1.0,0,0
1991,Eric van de Poele,0.0,0,0
1991,Fabrizio Barbazza,0.0,0,0
1991,Gabriele Tarquini,0.0,0,0
1991,Gerhard Berger,43.0,1,6
1991,Gianni Morbidelli,0.5,0,0
1991,Ivan Capelli,1.0,0,0
1991,Jean Alesi,21.0,0,3
1991,Johnny Herbert,0.0,0,0
1991,Julian Bailey,1.0,0,0
1991,Jyrki Järvilehto,4.0,0,1
1991,Karl Wendlinger,0.0,0,0
1991,Mark Blundell,1.0,0,0
1991,Martin Brundle,2.0,0,0
1991,Maurício Gugelmin,0.0,0,0
1991,Michael Bartels,0.0,0,0
1991,Michael Schumacher,4.0,0,0
1991,Michele Alboreto,0.0,0,0
1991,Mika Häkkinen,2.0,0,0
1991,Naoki Hattori,0.0,0,0
1991,Nelson Piquet,26.5,1,3
1991,Nicola Larini,0.0,0,0
1991,Nigel Mansell,72.0,5,9
1991,Olivier Grouillard,0.0,0,0
1991,Pedro Chaves,0.0,0,0
1991,Pierluigi Martini,6.0,0,0
1991,Riccardo Patrese,53.0,2,8
1991,Roberto Moreno,8.0,0,0
1991,Satoru Nakajima,2.0,0,0
1991,Stefan Johansson,0.0,0,0
1991,Stefano Modena,10.0,0,1
1991,Thierry Boutsen,0.0,0,0
1991,Éric Bernard,1.0,0,0
1991,Érik Comas,0.0,0,0
1992,Aguri Suzuki,0.0,0,0
1992,Alessandro Zanardi,0.0,0,0
1992,Andrea Chiesa,0.0,0,0
1992,Andrea de Cesaris,8.0,0,0
1992,Ayrton Senna,50.0,3,7
1992,Bertrand Gachot,1.0,0,0
1992,Christian Fittipaldi,1.0,0,0
1992,Damon Hill,0.0,0,0
1992,Emanuele Naspetti,0.0,0,0
1992,Eric van de Poele,0.0,0,0
1992,Gabriele Tarquini,0.0,0,0
1992,Gerhard Berger,49.0,2,5
1992,Gianni Morbidelli,0.0,0,0
1992,Giovanna Amati,0.0,0,0
1992,Ivan Capelli,3.0,0,0
1992,Jan Lammers,0.0,0,0
1992,Jean Alesi,18.0,0,2
1992,Johnny Herbert,2.0,0,0
1992,Jyrki Järvilehto,0.0,0,0
1992,Karl Wendlinger,3.0,0,0
1992,Martin Brundle,38.0,0,5
1992,Maurício Gugelmin,0.0,0,0
1992,Michael Schumacher,53.0,1,8
1992,Michele Alboreto,6.0,0,0
1992,Mika Häkkinen,11.0,0,0
1992,Nicola Larini,0.0,0,0
1992,Nigel Mansell,108.0,9,12
1992,Olivier Grouillard,0.0,0,0
1992,Paul Belmondo,0.0,0,0
1992,Perry McCarthy,0.0,0,0
1992,Pierluigi Martini,2.0,0,0
1992,Riccardo Patrese,56.0,1,9
1992,Roberto Moreno,0.0,0,0
1992,Stefano Modena,1.0,0,0
1992,Thierry Boutsen,2.0,0,0
1992,Ukyo Katayama,0.0,0,0
1992,Érik Comas,4.0,0,0
1993,Aguri Suzuki,0.0,0,0
1993,Alain Prost,99.0,7,12
1993,Alessandro Zanardi,1.0,0,0
1993,Andrea de Cesaris,0.0,0,0
1993,Ayrton Senna,73.0,5,7
1993,Christian Fittipaldi,5.0,0,0
1993,Damon Hill,69.0,3,10
1993,Derek Warwick,4.0,0,0
1993,Eddie Irvine,1.0,0,0
1993,Emanuele Naspetti,0.0,0,0
1993,Fabrizio Barbazza,2.0,0,0
1993,Gerhard Berger,12.0,0,1
1993,Ivan Capelli,0.0,0,0
1993,Jean Alesi,16.0,0,2
1993,Jean-Marc Gounon,0.0,0,0
1993,Johnny Herbert,11.0,0,0
1993,Jyrki Järvilehto,5.0,0,0
1993,Karl Wendlinger,7.0,0,0
1993,Luca Badoer,0.0,0,0
1993,Marco Apicella,0.0,0,0
1993,Mark Blundell,10.0,0,2
1993,Martin Brundle,13.0,0,1
1993,Michael Andretti,7.0,0,1
1993,Michael Schumacher,52.0,1,9
1993,Michele Alboreto,0.0,0,0
1993,Mika Häkkinen,4.0,0,1
1993,Pedro Lamy,0.0,0,0
1993,Philippe Alliot,2.0,0,0
1993,Pierluigi Martini,0.0,0,0
1993,Riccardo Patrese,20.0,0,2
1993,Rubens Barrichello,2.0,0,0
1993,Thierry Boutsen,0.0,0,0
1993,Toshio Suzuki,0.0,0,0
1993,Ukyo Katayama,0.0,0,0
1993,Érik Comas,1.0,0,0
1994,Aguri Suzuki,0.0,0,0
1994,Alessandro Zanardi,0.0,0,0
1994,Andrea Montermini,0.0,0,0
1994,Andrea de Cesaris,4.0,0,0
1994,Ayrton Senna,0.0,0,0
1994,Bertrand Gachot,0.0,0,0
1994,Christian Fittipaldi,6.0,0,0
1994,Damon Hill,91.0,6,11
1994,David Brabham,0.0,0,0
1994,David Coulthard,14.0,0,1
1994,Domenico Schiattarella,0.0,0,0
1994,Eddie Irvine,6.0,0,0
1994,Franck Lagorce,0.0,0,0
1994,Gerhard Berger,41.0,1,6
1994,Gianni Morbidelli,3.0,0,0
1994,Heinz-Harald Frentzen,7.0,0,0
1994,Hideki Noda,0.0,0,0
1994,Jean Alesi,24.0,0,4
1994,Jean-Denis Délétraz,0.0,0,0
1994,Jean-Marc Gounon,0.0,0,0
1994,Johnny Herbert,0.0,0,0
1994,Jos Verstappen,10.0,0,2
1994,Jyrki Järvilehto,1.0,0,0
1994,Karl Wendlinger,4.0,0,0
1994,Mark Blundell,8.0,0,1
1994,Martin Brundle,16.0,0,2
1994,Michael Schumacher,92.0,8,10
1994,Michele Alboreto,1.0,0,0
1994,Mika Häkkinen,26.0,0,6
1994,Mika Salo,0.0,0,0
1994,Nicola Larini,6.0,0,1
1994,Nigel Mansell,13.0,1,1
1994,Olivier Beretta,0.0,0,0
1994,Olivier Panis,9.0,0,1
1994,Paul Belmondo,0.0,0,0
1994,Pedro Lamy,0.0,0,0
1994,Philippe Adams,0.0,0,0
1994,Philippe Alliot,0.0,0,0
1994,Pierluigi Martini,4.0,0,0
1994,Roland Ratzenberger,0.0,0,0
1994,Rubens Barrichello,19.0,0,1
1994,Taki Inoue,0.0,0,0
1994,Ukyo Katayama,5.0,0,0
1994,Yannick Dalmas,0.0,0,0
1994,Éric Bernard,4.0,0,1
1994,Érik Comas,2.0,0,0
1995,Aguri Suzuki,1.0,0,0
1995,Andrea Montermini,0.0,0,0
1995,Bertrand Gachot,0.0,0,0
1995,Damon Hill,69.0,4,9
1995,David Coulthard,49.0,1,8
1995,Domenico Schiattarella,0.0,0,0
1995,Eddie Irvine,10.0,0,1
1995,Gabriele Tarquini,0.0,0,0
1995,Gerhard Berger,31.0,0,6
1995,Gianni Morbidelli,5.0,0,1
1995,Giovanni Lavaggi,0.0,0,0
1995,Heinz-Harald Frentzen,15.0,0,1
1995,Jan Magnussen,0.0,0,0
1995,Jean Alesi,42.0,1,5
1995,Jean-Christophe Boullion,3.0,0,0
1995,Jean-Denis Délétraz,0.0,0,0
1995,Johnny Herbert,45.0,2,4
1995,Jos Verstappen,0.0,0,0
1995,Karl Wendlinger,0.0,0,0
1995,Luca Badoer,0.0,0,0
1995,Mark Blundell,13.0,0,0
1995,Martin Brundle,7.0,0,1
1995,Massimiliano Papis,0.0,0,0
1995,Michael Schumacher,102.0,9,11
1995,Mika Häkkinen,17.0,0,2
1995,Mika Salo,5.0,0,0
1995,Nigel Mansell,0.0,0,0
1995,Olivier Panis,16.0,0,1
1995,Pedro Diniz,0.0,0,0
1995,Pedro Lamy,1.0,0,0
1995,Pierluigi Martini,0.0,0,0
1995,Roberto Moreno,0.0,0,0
1995,Rubens Barrichello,11.0,0,1
1995,Taki Inoue,0.0,0,0
1995,Ukyo Katayama,0.0,0,0
1996,Andrea Montermini,0.0,0,0
1996,Damon Hill,97.0,8,10
1996,David Coulthard,18.0,0,2
1996,Eddie Irvine,11.0,0,1
1996,Gerhard Berger,21.0,0,2
1996,Giancarlo Fisichella,0.0,0,0
1996,Giovanni Lavaggi,0.0,0,0
1996,Heinz-Harald Frentzen,7.0,0,0
1996,Jacques Villeneuve,78.0,4,11
1996,Jean Alesi,47.0,0,8
1996,Johnny Herbert,4.0,0,1
1996,Jos Verstappen,1.0,0,0
1996,Luca Badoer,0.0,0,0
1996,Martin Brundle,8.0,0,0
1996,Michael Schumacher,59.0,3,8
1996,Mika Häkkinen,31.0,0,4
1996,Mika Salo,5.0,0,0
1996,Olivier Panis,13.0,1,1
1996,Pedro Diniz,2.0,0,0
1996,Pedro Lamy,0.0,0,0
1996,Ricardo Rosset,0.0,0,0
1996,Rubens Barrichello,14.0,0,0
1996,Tarso Marques,0.0,0,0
1996,Ukyo Katayama,0.0,0,0
1997,Alexander Wurz,4.0,0,1
1997,Damon Hill,7.0,0,1
1997,David Coulthard,36.0,2,4
1997,Eddie Irvine,24.0,0,5
1997,Gerhard Berger,27.0,1,2
1997,Giancarlo Fisichella,20.0,0,2
1997,Gianni Morbidelli,0.0,0,0
1997,Heinz-Harald Frentzen,42.0,1,7
1997,Jacques Villeneuve,81.0,7,8
1997,Jan Magnussen,0.0,0,0
1997,Jarno Trulli,3.0,0,0
1997,Jean Alesi,36.0,0,5
1997,Johnny Herbert,15.0,0,1
1997,Jos Verstappen,0.0,0,0
1997,Michael Schumacher,78.0,5,8
1997,Mika Häkkinen,27.0,1,3
1997,Mika Salo,2.0,0,0
1997,Nicola Larini,1.0,0,0
1997,Norberto Fontana,0.0,0,0
1997,Olivier Panis,16.0,0,2
1997,Pedro Diniz,2.0,0,0
1997,Ralf Schumacher,13.0,0,1
1997,Ricardo Rosset,0.0,0,0
1997,Rubens Barrichello,6.0,0,1
1997,Shinji Nakano,2.0,0,0
1997,Tarso Marques,0.0,0,0
1997,Ukyo Katayama,0.0,0,0
1997,Vincenzo Sospiri,0.0,0,0
1998,Alexander Wurz,17.0,0,0
1998,Damon Hill,20.0,1,1
1998,David Coulthard,56.0,1,9
1998,Eddie Irvine,47.0,0,8
1998,Esteban Tuero,0.0,0,0
1998,Giancarlo Fisichella,16.0,0,2
1998,Heinz-Harald Frentzen,17.0,0,1
1998,Jacques Villeneuve,21.0,0,2
1998,Jan Magnussen,1.0,0,0
1998,Jarno Trulli,1.0,0,0
1998,Jean Alesi,9.0,0,1
1998,Johnny Herbert,1.0,0,0
1998,Jos Verstappen,0.0,0,0
1998,Michael Schumacher,86.0,6,11
1998,Mika Häkkinen,100.0,8,11
1998,Mika Salo,3.0,0,0
1998,Olivier Panis,0.0,0,0
1998,Pedro Diniz,3.0,0,0
1998,Ralf Schumacher,14.0,0,2
1998,Ricardo Rosset,0.0,0,0
1998,Rubens Barrichello,4.0,0,0
1998,Shinji Nakano,0.0,0,0
1998,Toranosuke Takagi,0.0,0,0
1999,Alessandro Zanardi,0.0,0,0
1999,Alexander Wurz,3.0,0,0
1999,Damon Hill,7.0,0,0
1999,David Coulthard,48.0,2,6
1999,Eddie Irvine,74.0,4,9
1999,Giancarlo Fisichella,13.0,0,1
1999,Heinz-Harald Frentzen,54.0,2,6
1999,Jacques Villeneuve,0.0,0,0
1999,Jarno Trulli,7.0,0,1
1999,Jean Alesi,2.0,0,0
1999,Johnny Herbert,15.0,1,1
1999,Luca Badoer,0.0,0,0
1999,Marc Gené,1.0,0,0
1999,Michael Schumacher,44.0,2,6
1999,Mika Häkkinen,76.0,5,10
1999,Mika Salo,10.0,0,2
1999,Olivier Panis,2.0,0,0
1999,Pedro Diniz,3.0,0,0
1999,Pedro de la Rosa,1.0,0,0
1999,Ralf Schumacher,35.0,0,3
1999,Ricardo Zonta,0.0,0,0
1999,Rubens Barrichello,21.0,0,3
1999,Stéphane Sarrazin,0.0,0,0
1999,Toranosuke Takagi,0.0,0,0
2000,Alexander Wurz,2.0,0,0
2000,David Coulthard,73.0,3,11
2000,Eddie Irvine,4.0,0,0
2000,Gastón Mazzacane,0.0,0,0
2000,Giancarlo Fisichella,18.0,0,3
2000,Heinz-Harald Frentzen,11.0,0,2
2000,Jacques Villeneuve,17.0,0,0
2000,Jarno Trulli,6.0,0,0
2000,Jean Alesi,0.0,0,0
2000,Jenson Button,12.0,0,0
2000,Johnny Herbert,0.0,0,0
2000,Jos Verstappen,5.0,0,0
2000,Luciano Burti,0.0,0,0
2000,Marc Gené,0.0,0,0
2000,Michael Schumacher,108.0,9,12
2000,Mika Häkkinen,89.0,4,11
2000,Mika Salo,6.0,0,0
2000,Nick Heidfeld,0.0,0,0
2000,Pedro Diniz,0.0,0,0
2000,Pedro de la Rosa,2.0,0,0
2000,Ralf Schumacher,24.0,0,3
2000,Ricardo Zonta,3.0,0,0
2000,Rubens Barrichello,62.0,1,9
2001,Alex Yoong,0.0,0,0
2001,David Coulthard,65.0,2,10
2001,Eddie Irvine,6.0,0,1
2001,Enrique Bernoldi,0.0,0,0
2001,Fernando Alonso,0.0,0,0
2001,Gastón Mazzacane,0.0,0,0
2001,Giancarlo Fisichella,8.0,0,1
2001,Heinz-Harald Frentzen,6.0,0,0
2001,Jacques Villeneuve,12.0,0,2
2001,Jarno Trulli,12.0,0,0
2001,Jean Alesi,5.0,0,0
2001,Jenson Button,2.0,0,0
2001,Jos Verstappen,1.0,0,0
2001,Juan Pablo Montoya,31.0,1,4
2001,Kimi Räikkönen,9.0,0,0
2001,Luciano Burti,0.0,0,0
2001,Michael Schumacher,123.0,9,14
2001,Mika Häkkinen,37.0,2,3
2001,Nick Heidfeld,12.0,0,1
2001,Olivier Panis,5.0,0,0
2001,Pedro de la Rosa,3.0,0,0
2001,Ralf Schumacher,49.0,3,5
2001,Ricardo Zonta,0.0,0,0
2001,Rubens Barrichello,56.0,0,10
2001,Tarso Marques,0.0,0,0
2001,Tomáš Enge,0.0,0,0
2002,Alex Yoong,0.0,0,0
2002,Allan McNish,0.0,0,0
2002,Anthony Davidson,0.0,0,0
2002,David Coulthard,41.0,1,6
2002,Eddie Irvine,8.0,0,1
2002,Enrique Bernoldi,0.0,0,0
2002,Felipe Massa,4.0,0,0
2002,Giancarlo Fisichella,7.0,0,0
2002,Heinz-Harald Frentzen,2.0,0,0
2002,Jacques Villeneuve,4.0,0,0
2002,Jarno Trulli,9.0,0,0
2002,Jenson Button,14.0,0,0
2002,Juan Pablo Montoya,50.0,0,7
2002,Kimi Räikkönen,24.0,0,4
2002,Mark Webber,2.0,0,0
2002,Michael Schumacher,144.0,11,17
2002,Mika Salo,2.0,0,0
2002,Nick Heidfeld,7.0,0,0
2002,Olivier Panis,3.0,0,0
2002,Pedro de la Rosa,0.0,0,0
2002,Ralf Schumacher,42.0,1,6
2002,Rubens Barrichello,77.0,4,10
2002,Takuma Sato,2.0,0,0
2003,Antônio Pizzonia,0.0,0,0
2003,Cristiano da Matta,10.0,0,0
2003,David Coulthard,51.0,1,3
2003,Fernando Alonso,55.0,1,4
2003,Giancarlo Fisichella,12.0,1,1
2003,Heinz-Harald Frentzen,13.0,0,1
2003,Jacques Villeneuve,6.0,0,0
2003,Jarno Trulli,33.0,0,1
2003,Jenson Button,17.0,0,0
2003,Jos Verstappen,0.0,0,0
2003,Juan Pablo Montoya,82.0,2,9
2003,Justin Wilson,1.0,0,0
2003,Kimi Räikkönen,91.0,1,10
2003,Marc Gené,4.0,0,0
2003,Mark Webber,17.0,0,0
2003,Michael Schumacher,93.0,6,8
2003,Nick Heidfeld,6.0,0,0
2003,Nicolas Kiesa,0.0,0,0
2003,Olivier Panis,6.0,0,0
2003,Ralf Schumacher,58.0,2,3
2003,Ralph Firman,1.0,0,0
2003,Rubens Barrichello,65.0,2,8
2003,Takuma Sato,3.0,0,0
2003,Zsolt Baumgartner,0.0,0,0
2004,Antônio Pizzonia,6.0,0,0
2004,Christian Klien,3.0,0,0
2004,Cristiano da Matta,3.0,0,0
2004,David Coulthard,24.0,0,0
2004,Felipe Massa,12.0,0,0
2004,Fernando Alonso,59.0,0,4
2004,Giancarlo Fisichella,22.0,0,0
2004,Gianmaria Bruni,0.0,0,0
2004,Giorgio Pantano,0.0,0,0
2004,Jacques Villeneuve,0.0,0,0
2004,Jarno Trulli,46.0,1,2
2004,Jenson Button,85.0,0,10
2004,Juan Pablo Montoya,58.0,1,3
2004,Kimi Räikkönen,45.0,1,4
2004,Marc Gené,0.0,0,0
2004,Mark Webber,7.0,0,0
2004,Michael Schumacher,148.0,13,15
2004,Nick Heidfeld,3.0,0,0
2004,Olivier Panis,6.0,0,0
2004,Ralf Schumacher,24.0,0,1
2004,Ricardo Zonta,0.0,0,0
2004,Rubens Barrichello,114.0,2,14
2004,Takuma Sato,34.0,0,1
2004,Timo Glock,2.0,0,0
2004,Zsolt Baumgartner,1.0,0,0
2005,Alexander Wurz,6.0,0,1
2005,Anthony Davidson,0.0,0,0
2005,Antônio Pizzonia,2.0,0,0
2005,Christian Klien,9.0,0,0
2005,Christijan Albers,4.0,0,0
2005,David Coulthard,24.0,0,0
2005,Felipe Massa,11.0,0,0
2005,Fernando Alonso,133.0,7,15
2005,Giancarlo Fisichella,58.0,1,3
2005,Jacques Villeneuve,9.0,0,0
2005,Jarno Trulli,43.0,0,3
2005,Jenson Button,37.0,0,2
2005,Juan Pablo Montoya,60.0,3,5
2005,Kimi Räikkönen,112.0,7,12
2005,Mark Webber,36.0,0,1
2005,Michael Schumacher,62.0,1,5
2005,Narain Karthikeyan,5.0,0,0
2005,Nick Heidfeld,28.0,0,3
2005,Patrick Friesacher,3.0,0,0
2005,Pedro de la Rosa,4.0,0,0
2005,Ralf Schumacher,45.0,0,2
2005,Ricardo Zonta,0.0,0,0
2005,Robert Doornbos,0.0,0,0
2005,Rubens Barrichello,38.0,0,4
2005,Takuma Sato,1.0,0,0
2005,Tiago Monteiro,7.0,0,1
2005,Vitantonio Liuzzi,1.0,0,0
2006,Christian Klien,2.0,0,0
2006,Christijan Albers,0.0,0,0
2006,David Coulthard,14.0,0,1
2006,Felipe Massa,80.0,2,7
2006,Fernando Alonso,134.0,7,14
2006,Franck Montagny,0.0,0,0
2006,Giancarlo Fisichella,72.0,1,5
2006,Jacques Villeneuve,7.0,0,0
2006,Jarno Trulli,15.0,0,0
2006,Jenson Button,56.0,1,3
2006,Juan Pablo Montoya,26.0,0,2
2006,Kimi Räikkönen,65.0,0,6
2006,Mark Webber,7.0,0,0
2006,Michael Schumacher,121.0,7,12
2006,Nick Heidfeld,23.0,0,1
2006,Nico Rosberg,4.0,0,0
2006,Pedro de la Rosa,19.0,0,1
2006,Ralf Schumacher,20.0,0,1
2006,Robert Doornbos,0.0,0,0
2006,Robert Kubica,6.0,0,1
2006,Rubens Barrichello,30.0,0,0
2006,Sakon Yamamoto,0.0,0,0
2006,Scott Speed,0.0,0,0
2006,Takuma Sato,0.0,0,0
2006,Tiago Monteiro,0.0,0,0
2006,Vitantonio Liuzzi,1.0,0,0
2006,Yuji Ide,0.0,0,0
2007,Adrian Sutil,1.0,0,0
2007,Alexander Wurz,13.0,0,1
2007,Anthony Davidson,0.0,0,0
2007,Christijan Albers,0.0,0,0
2007,David Coulthard,14.0,0,0
2007,Felipe Massa,94.0,3,10
2007,Fernando Alonso,109.0,4,12
2007,Giancarlo Fisichella,21.0,0,0
2007,Heikki Kovalainen,30.0,0,1
2007,Jarno Trulli,8.0,0,0
2007,Jenson Button,6.0,0,0
2007,Kazuki Nakajima,0.0,0,0
2007,Kimi Räikkönen,110.0,6,12
2007,Lewis Hamilton,109.0,4,12
2007,Mark Webber,10.0,0,1
2007,Markus Winkelhock,0.0,0,0
2007,Nick Heidfeld,61.0,0,2
2007,Nico Rosberg,20.0,0,0
2007,Ralf Schumacher,5.0,0,0
2007,Robert Kubica,39.0,0,0
2007,Rubens Barrichello,0.0,0,0
2007,Sakon Yamamoto,0.0,0,0
2007,Scott Speed,0.0,0,0
2007,Sebastian Vettel,6.0,0,0
2007,Takuma Sato,4.0,0,0
2007,Vitantonio Liuzzi,3.0,0,0
2008,Adrian Sutil,0.0,0,0
2008,Anthony Davidson,0.0,0,0
2008,David Coulthard,8.0,0,1
2008,Felipe Massa,97.0,6,10
2008,Fernando Alonso,61.0,2,3
2008,Giancarlo Fisichella,0.0,0,0
2008,Heikki Kovalainen,53.0,1,3
2008,Jarno Trulli,31.0,0,1
2008,Jenson Button,3.0,0,0
2008,Kazuki Nakajima,9.0,0,0
2008,Kimi Räikkönen,75.0,2,9
2008,Lewis Hamilton,98.0,5,10
2008,Mark Webber,21.0,0,0
2008,Nelson Piquet Jr.,19.0,0,1
2008,Nick Heidfeld,60.0,0,4
2008,Nico Rosberg,17.0,0,2
2008,Robert Kubica,75.0,1,7
2008,Rubens Barrichello,11.0,0,1
2008,Sebastian Vettel,35.0,1,1
2008,Sébastien Bourdais,4.0,0,0
2008,Takuma Sato,0.0,0,0
2008,Timo Glock,25.0,0,1
2009,Adrian Sutil,5.0,0,0
2009,Felipe Massa,22.0,0,1
2009,Fernando Alonso,26.0,0,1
2009,Giancarlo Fisichella,8.0,0,1
2009,Heikki Kovalainen,22.0,0,0
2009,Jaime Alguersuari,0.0,0,0
2009,Jarno Trulli,32.5,0,3
2009,Jenson Button,95.0,6,9
2009,Kamui Kobayashi,3.0,0,0
2009,Kazuki Nakajima,0.0,0,0
2009,Kimi Räikkönen,48.0,1,5
2009,Lewis Hamilton,49.0,2,5
2009,Luca Badoer,0.0,0,0
2009,Mark Webber,69.5,2,8
2009,Nelson Piquet Jr.,0.0,0,0
2009,Nick Heidfeld,19.0,0,1
2009,Nico Rosberg,34.5,0,0
2009,Robert Kubica,17.0,0,1
2009,Romain Grosjean,0.0,0,0
2009,Rubens Barrichello,77.0,2,6
2009,Sebastian Vettel,84.0,4,8
2009,Sébastien Bourdais,2.0,0,0
2009,Sébastien Buemi,6.0,0,0
2009,Timo Glock,24.0,0,2
2009,Vitantonio Liuzzi,0.0,0,0
2010,Adrian Sutil,47.0,0,0
2010,Bruno Senna,0.0,0,0
2010,Christian Klien,0.0,0,0
2010,Felipe Massa,144.0,0,5
2010,Fernando Alonso,252.0,5,10
2010,Heikki Kovalainen,0.0,0,0
2010,Jaime Alguersuari,5.0,0,0
2010,Jarno Trulli,0.0,0,0
2010,Jenson Button,214.0,2,7
2010,Kamui Kobayashi,32.0,0,0
2010,Karun Chandhok,0.0,0,0
2010,Lewis Hamilton,240.0,3,9
2010,Lucas di Grassi,0.0,0,0
2010,Mark Webber,242.0,4,10
2010,Michael Schumacher,72.0,0,0
2010,Nick Heidfeld,6.0,0,0
2010,Nico Hülkenberg,22.0,0,0
2010,Nico Rosberg,142.0,0,3
2010,Pedro de la Rosa,6.0,0,0
2010,Robert Kubica,136.0,0,3
2010,Rubens Barrichello,47.0,0,0
2010,Sakon Yamamoto,0.0,0,0
2010,Sebastian Vettel,256.0,5,10
2010,Sébastien Buemi,8.0,0,0
2010,Timo Glock,0.0,0,0
2010,Vitaly Petrov,27.0,0,0
2010,Vitantonio Liuzzi,21.0,0,0
2011,Adrian Sutil,42.0,0,0
2011,Bruno Senna,2.0,0,0
2011,Daniel Ricciardo,0.0,0,0
2011,Felipe Massa,118.0,0,0
2011,Fernando Alonso,257.0,1,10
2011,Heikki Kovalainen,0.0,0,0
2011,Jaime Alguersuari,26.0,0,0
2011,Jarno Trulli,0.0,0,0
2011,Jenson Button,270.0,3,12
2011,Jérôme d'Ambrosio,0.0,0,0
2011,Kamui Kobayashi,30.0,0,0
2011,Karun Chandhok,0.0,0,0
2011,Lewis Hamilton,227.0,3,6
2011,Mark Webber,258.0,1,10
2011,Michael Schumacher,76.0,0,0
2011,Narain Karthikeyan,0.0,0,0
2011,Nick Heidfeld,34.0,0,1
2011,Nico Rosberg,89.0,0,0
2011,Pastor Maldonado,1.0,0,0
2011,Paul di Resta,27.0,0,0
2011,Pedro de la Rosa,0.0,0,0
2011,Rubens Barrichello,4.0,0,0
2011,Sebastian Vettel,392.0,11,17
2011,Sergio Pérez,14.0,0,0
2011,Sébastien Buemi,15.0,0,0
2011,Timo Glock,0.0,0,0
2011,Vitaly Petrov,37.0,0,1
2011,Vitantonio Liuzzi,0.0,0,0
2012,Bruno Senna,31.0,0,0
2012,Charles Pic,0.0,0,0
2012,Daniel Ricciardo,10.0,0,0
2012,Felipe Massa,122.0,0,2
2012,Fernando Alonso,278.0,3,13
2012,Heikki Kovalainen,0.0,0,0
2012,Jean-Éric Vergne,16.0,0,0
2012,Jenson Button,188.0,3,6
2012,Jérôme d'Ambrosio,0.0,0,0
2012,Kamui Kobayashi,60.0,0,1
2012,Kimi Räikkönen,207.0,1,7
2012,Lewis Hamilton,190.0,4,7
2012,Mark Webber,179.0,2,4
2012,Michael Schumacher,49.0,0,1
2012,Narain Karthikeyan,0.0,0,0
2012,Nico Hülkenberg,63.0,0,0
2012,Nico Rosberg,93.0,1,2
2012,Pastor Maldonado,45.0,1,1
2012,Paul di Resta,46.0,0,0
2012,Pedro de la Rosa,0.0,0,0
2012,Romain Grosjean,96.0,0,3
2012,Sebastian Vettel,281.0,5,10
2012,Sergio Pérez,66.0,0,3
2012,Timo Glock,0.0,0,0
2012,Vitaly Petrov,0.0,0,0
2013,Adrian Sutil,29.0,0,0
2013,Charles Pic,0.0,0,0
2013,Daniel Ricciardo,20.0,0,0
2013,Esteban Gutiérrez,6.0,0,0
2013,Felipe Massa,112.0,0,1
2013,Fernando Alonso,242.0,2,9
2013,Giedo van der Garde,0.0,0,0
2013,Heikki Kovalainen,0.0,0,0
2013,Jean-Éric Vergne,13.0,0,0
2013,Jenson Button,73.0,0,0
2013,Jules Bianchi,0.0,0,0
2013,Kimi Räikkönen,183.0,1,8
2013,Lewis Hamilton,189.0,1,5
2013,Mark Webber,199.0,0,8
2013,Max Chilton,0.0,0,0
2013,Nico Hülkenberg,51.0,0,0
2013,Nico Rosberg,171.0,2,4
2013,Pastor Maldonado,1.0,0,0
2013,Paul di Resta,48.0,0,0
2013,Romain Grosjean,132.0,0,6
2013,Sebastian Vettel,397.0,13,16
2013,Sergio Pérez,49.0,0,0
2013,Valtteri Bottas,4.0,0,0
2014,Adrian Sutil,0.0,0,0
2014,André Lotterer,0.0,0,0
2014,Daniel Ricciardo,238.0,3,8
2014,Daniil Kvyat,8.0,0,0
2014,Esteban Gutiérrez,0.0,0,0
2014,Felipe Massa,134.0,0,3
2014,Fernando Alonso,161.0,0,2
2014,Jean-Éric Vergne,22.0,0,0
2014,Jenson Button,126.0,0,1
2014,Jules Bianchi,2.0,0,0
2014,Kamui Kobayashi,0.0,0,0
2014,Kevin Magnussen,55.0,0,1
2014,Kimi Räikkönen,55.0,0,0
2014,Lewis Hamilton,384.0,11,16
2014,Marcus Ericsson,0.0,0,0
2014,Max Chilton,0.0,0,0
2014,Nico Hülkenberg,96.0,0,0
2014,Nico Rosberg,317.0,5,15
2014,Pastor Maldonado,2.0,0,0
2014,Romain Grosjean,8.0,0,0
2014,Sebastian Vettel,167.0,0,4
2014,Sergio Pérez,59.0,0,1
2014,Valtteri Bottas,186.0,0,6
2014,Will Stevens,0.0,0,0
2015,Alexander Rossi,0.0,0,0
2015,Carlos Sainz,18.0,0,0
2015,Daniel Ricciardo,92.0,0,2
2015,Daniil Kvyat,95.0,0,1
2015,Felipe Massa,121.0,0,2
2015,Felipe Nasr,27.0,0,0
2015,Fernando Alonso,11.0,0,0
2015,Jenson Button,16.0,0,0
2015,Kevin Magnussen,0.0,0,0
2015,Kimi Räikkönen,150.0,0,3
2015,Lewis Hamilton,381.0,10,17
2015,Marcus Ericsson,9.0,0,0
2015,Max Verstappen,49.0,0,0
2015,Nico Hülkenberg,58.0,0,0
2015,Nico Rosberg,322.0,6,15
2015,Pastor Maldonado,27.0,0,0
2015,Roberto Merhi,0.0,0,0
2015,Romain Grosjean,51.0,0,1
2015,Sebastian Vettel,278.0,3,13
2015,Sergio Pérez,78.0,0,1
2015,Valtteri Bottas,136.0,0,2
2015,Will Stevens,0.0,0,0
2016,Carlos Sainz,46.0,0,0
2016,Daniel Ricciardo,256.0,1,8
2016,Daniil Kvyat,25.0,0,1
2016,Esteban Gutiérrez,0.0,0,0
2016,Esteban Ocon,0.0,0,0
2016,Felipe Massa,53.0,0,0
2016,Felipe Nasr,2.0,0,0
2016,Fernando Alonso,54.0,0,0
2016,Jenson Button,21.0,0,0
2016,Jolyon Palmer,1.0,0,0
2016,Kevin Magnussen,7.0,0,0
2016,Kimi Räikkönen,186.0,0,4
2016,Lewis Hamilton,380.0,10,17
2016,Marcus Ericsson,0.0,0,0
2016,Max Verstappen,204.0,1,7
2016,Nico Hülkenberg,72.0,0,0
2016,Nico Rosberg,385.0,9,16
2016,Pascal Wehrlein,1.0,0,0
2016,Rio Haryanto,0.0,0,0
2016,Romain Grosjean,29.0,0,0
2016,Sebastian Vettel,212.0,0,7
2016,Sergio Pérez,101.0,0,2
2016,Stoffel Vandoorne,1.0,0,0
2016,Valtteri Bottas,85.0,0,1
2017,Antonio Giovinazzi,0.0,0,0
2017,Brendon Hartley,0.0,0,0
2017,Carlos Sainz,54.0,0,0
2017,Daniel Ricciardo,200.0,1,9
2017,Daniil Kvyat,5.0,0,0
2017,Esteban Ocon,87.0,0,0
2017,Felipe Massa,43.0,0,0
2017,Fernando Alonso,17.0,0,0
2017,Jenson Button,0.0,0,0
2017,Jolyon Palmer,8.0,0,0
2017,Kevin Magnussen,19.0,0,0
2017,Kimi Räikkönen,205.0,0,7
2017,Lance Stroll,40.0,0,1
2017,Lewis Hamilton,363.0,9,13
2017,Marcus Ericsson,0.0,0,0
2017,Max Verstappen,168.0,2,4
2017,Nico Hülkenberg,43.0,0,0
2017,Pascal Wehrlein,5.0,0,0
2017,Paul di Resta,0.0,0,0
2017,Pierre Gasly,0.0,0,0
2017,Romain Grosjean,28.0,0,0
2017,Sebastian Vettel,317.0,5,13
2017,Sergio Pérez,100.0,0,0
2017,Stoffel Vandoorne,13.0,0,0
2017,Valtteri Bottas,305.0,3,13
2018,Brendon Hartley,4.0,0,0
2018,Carlos Sainz,53.0,0,0
2018,Charles Leclerc,39.0,0,0
2018,Daniel Ricciardo,170.0,2,2
2018,Esteban Ocon,49.0,0,0
2018,Fernando Alonso,50.0,0,0
2018,Kevin Magnussen,56.0,0,0
2018,Kimi Räikkönen,251.0,1,12
2018,Lance Stroll,6.0,0,0
2018,Lewis Hamilton,408.0,11,17
2018,Marcus Ericsson,9.0,0,0
2018,Max Verstappen,249.0,2,11
2018,Nico Hülkenberg,69.0,0,0
2018,Pierre Gasly,29.0,0,0
2018,Romain Grosjean,37.0,0,0
2018,Sebastian Vettel,320.0,5,12
2018,Sergey Sirotkin,1.0,0,0
2018,Sergio Pérez,62.0,0,1
2018,Stoffel Vandoorne,12.0,0,0
2018,Valtteri Bottas,247.0,0,8
2019,Alexander Albon,92.0,0,0
2019,Antonio Giovinazzi,14.0,0,0
2019,Carlos Sainz,96.0,0,1
2019,Charles Leclerc,264.0,2,10
2019,Daniel Ricciardo,54.0,0,0
2019,Daniil Kvyat,37.0,0,1
2019,George Russell,0.0,0,0
2019,Kevin Magnussen,20.0,0,0
2019,Kimi Räikkönen,43.0,0,0
2019,Lance Stroll,21.0,0,0
2019,Lando Norris,49.0,0,0
2019,Lewis Hamilton,413.0,11,17
2019,Max Verstappen,278.0,3,9
2019,Nico Hülkenberg,37.0,0,0
2019,Pierre Gasly,95.0,0,1
2019,Robert Kubica,1.0,0,0
2019,Romain Grosjean,8.0,0,0
2019,Sebastian Vettel,240.0,1,9
2019,Sergio Pérez,52.0,0,0
2019,Valtteri Bottas,326.0,4,15
2020,Alexander Albon,105.0,0,2
2020,Antonio Giovinazzi,4.0,0,0
2020,Carlos Sainz,105.0,0,1
2020,Charles Leclerc,98.0,0,2
2020,Daniel Ricciardo,119.0,0,2
2020,Daniil Kvyat,32.0,0,0
2020,Esteban Ocon,62.0,0,1
2020,George Russell,3.0,0,0
2020,Jack Aitken,0.0,0,0
2020,Kevin Magnussen,1.0,0,0
2020,Kimi Räikkönen,4.0,0,0
2020,Lance Stroll,75.0,0,2
2020,Lando Norris,97.0,0,1
2020,Lewis Hamilton,347.0,11,14
2020,Max Verstappen,214.0,2,11
2020,Nicholas Latifi,0.0,0,0
2020,Nico Hülkenberg,10.0,0,0
2020,Pierre Gasly,75.0,1,1
2020,Pietro Fittipaldi,0.0,0,0
2020,Romain Grosjean,2.0,0,0
2020,Sebastian Vettel,33.0,0,1
2020,Sergio Pérez,125.0,1,2
2020,Valtteri Bottas,223.0,2,11
2021,Antonio Giovinazzi,3.0,0,0
2021,Carlos Sainz,163.5,0,4
2021,Charles Leclerc,159.0,0,1
2021,Daniel Ricciardo,114.0,1,1
2021,Esteban Ocon,74.0,1,1
2021,Fernando Alonso,81.0,0,1
2021,George Russell,16.0,0,1
2021,Kimi Räikkönen,10.0,0,0
2021,Lance Stroll,34.0,0,0
2021,Lando Norris,160.0,0,4
2021,Lewis Hamilton,385.5,8,17
2021,Max Verstappen,388.5,10,18
2021,Mick Schumacher,0.0,0,0
2021,Nicholas Latifi,7.0,0,0
2021,Nikita Mazepin,0.0,0,0
2021,Pierre Gasly,110.0,0,1
2021,Robert Kubica,0.0,0,0
2021,Sebastian Vettel,43.0,0,1
2021,Sergio Pérez,190.0,1,5
2021,Valtteri Bottas,219.0,1,11
2021,Yuki Tsunoda,32.0,0,0
2022,Alexander Albon,4.0,0,0
2022,Carlos Sainz,228.0,1,9
2022,Charles Leclerc,291.0,3,11
2022,Daniel Ricciardo,34.0,0,0
2022,Esteban Ocon,89.0,0,0
2022,Fernando Alonso,81.0,0,0
2022,George Russell,262.0,1,8
2022,Guanyu Zhou,6.0,0,0
2022,Kevin Magnussen,21.0,0,0
2022,Lance Stroll,18.0,0,0
2022,Lando Norris,116.0,0,1
2022,Lewis Hamilton,233.0,0,9
2022,Max Verstappen,433.0,15,17
2022,Mick Schumacher,12.0,0,0
2022,Nicholas Latifi,2.0,0,0
2022,Nico Hülkenberg,0.0,0,0
2022,Nyck de Vries,2.0,0,0
2022,Pierre Gasly,23.0,0,0
2022,Sebastian Vettel,37.0,0,0
2022,Sergio Pérez,291.0,2,11
2022,Valtteri Bottas,47.0,0,0
2022,Yuki Tsunoda,12.0,0,0
2023,Alexander Albon,25.0,0,0
2023,Carlos Sainz,178.0,1,3
2023,Charles Leclerc,185.0,0,6
2023,Daniel Ricciardo,6.0,0,0
2023,Esteban Ocon,56.0,0,1
2023,Fernando Alonso,198.0,0,8
2023,George Russell,157.0,0,2
2023,Guanyu Zhou,6.0,0,0
2023,Kevin Magnussen,3.0,0,0
2023,Lance Stroll,68.0,0,0
2023,Lando Norris,184.0,0,7
2023,Lewis Hamilton,217.0,0,6
2023,Liam Lawson,2.0,0,0
2023,Logan Sargeant,1.0,0,0
2023,Max Verstappen,530.0,19,21
2023,Nico Hülkenberg,6.0,0,0
2023,Nyck de Vries,0.0,0,0
2023,Oscar Piastri,82.0,0,2
2023,Pierre Gasly,54.0,0,1
2023,Sergio Pérez,260.0,2,9
2023,Valtteri Bottas,10.0,0,0
2023,Yuki Tsunoda,14.0,0,0
2024,Alexander Albon,12.0,0,0
2024,Carlos Sainz,262.0,2,9
2024,Charles Leclerc,327.0,3,13
2024,Daniel Ricciardo,7.0,0,0
2024,Esteban Ocon,23.0,0,1
2024,Fernando Alonso,70.0,0,0
2024,Franco Colapinto,5.0,0,0
2024,George Russell,226.0,2,4
2024,Guanyu Zhou,4.0,0,0
2024,Jack Doohan,0.0,0,0
2024,Kevin Magnussen,14.0,0,0
2024,Lance Stroll,24.0,0,0
2024,Lando Norris,344.0,4,13
2024,Lewis Hamilton,207.0,2,5
2024,Liam Lawson,4.0,0,0
2024,Logan Sargeant,0.0,0,0
2024,Max Verstappen,399.0,9,14
2024,Nico Hülkenberg,36.0,0,0
2024,Oliver Bearman,7.0,0,0
2024,Oscar Piastri,265.0,2,8
2024,Pierre Gasly,40.0,0,1
2024,Sergio Pérez,138.0,0,4
2024,Valtteri Bottas,0.0,0,0
2024,Yuki Tsunoda,29.0,0,0
